,city,type,address1,address2,address,tel,workhours,geocode,lat,lng
0,Москва,Сервисный Центр A&D,"125480, г. Москва","ул. Вилиса Лациса, д.5, к.1","125480, г. Москва,ул. Вилиса Лациса, д.5, к.1",Телефон: +7 (495) 269-02-45,Понедельник - пятница с 9.00 до 18.00,"[{'address_components': [{'long_name': '5 корпус 1', 'short_name': '5к1', 'types': ['street_number']}, {'long_name': 'Vilisa Latsisa ulitsa', 'short_name': 'Vilisa Latsisa ul.', 'types': ['route']}, {'long_name': 'Severo-Zapadnyy administrativnyy okrug', 'short_name': 'Severo-Zapadnyy administrativnyy okrug', 'types': ['political', 'sublocality', 'sublocality_level_1']}, {'long_name': 'Moskva', 'short_name': 'Moskva', 'types': ['locality', 'political']}, {'long_name': 'Moskva', 'short_name': 'Moskva', 'types': ['administrative_area_level_2', 'political']}, {'long_name': 'Russia', 'short_name': 'RU', 'types': ['country', 'political']}, {'long_name': '125480', 'short_name': '125480', 'types': ['postal_code']}], 'formatted_address': 'Vilisa Latsisa ul., 5к1, Moskva, Russia, 125480', 'geometry': {'location': {'lat': 55.863229, 'lng': 37.430699}, 'location_type': 'ROOFTOP', 'viewport': {'northeast': {'lat': 55.8645779802915, 'lng': 37.43204798029149}, 'southwest': {'lat': 55.8618800197085, 'lng': 37.4293500197085}}}, 'place_id': 'ChIJvxb9r3c4tUYRHLPRlp-0ff8', 'types': ['street_address']}]",55.863229,37.430699
1,Анапа,Авторизованный консультационный центр,"353454, г. Анапа","ул. Промышленная, д. 13","353454, г. Анапа,ул. Промышленная, д. 13","Телефон: +7 (86133) 3-72-90, +7 (86133) 3-84-40",,"[{'address_components': [{'long_name': '13', 'short_name': '13', 'types': ['street_number']}, {'long_name': 'Promyshlennaya ulitsa', 'short_name': 'Promyshlennaya ul.', 'types': ['route']}, {'long_name': 'Anapa', 'short_name': 'Anapa', 'types': ['locality', 'political']}, {'long_name': 'Anapskiy rayon', 'short_name': 'Anapskiy r-n', 'types': ['administrative_area_level_2', 'political']}, {'long_name': 'Krasnodarskiy kray', 'short_name': 'Krasnodarskiy kray', 'types': ['administrative_area_level_1', 'political']}, {'long_name': 'Russia', 'short_name': 'RU', 'types': ['country', 'political']}, {'long_name': '353454', 'short_name': '353454', 'types': ['postal_code']}], 'formatted_address': 'Promyshlennaya ul., 13, Anapa, Krasnodarskiy kray, Russia, 353454', 'geometry': {'location': {'lat': 44.88195700000001, 'lng': 37.327776}, 'location_type': 'ROOFTOP', 'viewport': {'northeast': {'lat': 44.88330598029151, 'lng': 37.3291249802915}, 'southwest': {'lat': 44.88060801970851, 'lng': 37.3264270197085}}}, 'partial_match': True, 'place_id': 'ChIJtX2t_MsL7kARbHhX7wNcb4M', 'types': ['street_address']}]",44.88195700000001,37.327776
2,Армавир,Авторизованный консультационный центр,"352922, г. Армавир","ул. Воровского, 69","352922, г. Армавир,ул. Воровского, 69",Телефон: +7 (86155) 22-619,,"[{'address_components': [{'long_name': '69', 'short_name': '69', 'types': ['street_number']}, {'long_name': 'ulitsa Vorovskogo', 'short_name': 'ul. Vorovskogo', 'types': ['route']}, {'long_name': 'Armavir', 'short_name': 'Armavir', 'types': ['locality', 'political']}, {'long_name': 'gorod Armavir', 'short_name': 'g. Armavir', 'types': ['administrative_area_level_2', 'political']}, {'long_name': 'Krasnodarskiy kray', 'short_name': 'Krasnodarskiy kray', 'types': ['administrative_area_level_1', 'political']}, {'long_name': 'Russia', 'short_name': 'RU', 'types': ['country', 'political']}, {'long_name': '352900', 'short_name': '352900', 'types': ['postal_code']}], 'formatted_address': 'ul. Vorovskogo, 69, Armavir, Krasnodarskiy kray, Russia, 352900', 'geometry': {'location': {'lat': 44.993702, 'lng': 41.078637}, 'location_type': 'ROOFTOP', 'viewport': {'northeast': {'lat': 44.9950509802915, 'lng': 41.0799859802915}, 'southwest': {'lat': 44.9923530197085, 'lng': 41.0772880197085}}}, 'partial_match': True, 'place_id': 'ChIJW8_whEjs-UAREY-Wu6LSojo', 'types': ['street_address']}]",44.993702,41.078637
3,Астрахань,Авторизованный консультационный центр,"414040, г. Астрахань","ул.Адмиралтейская, 28","414040, г. Астрахань,ул.Адмиралтейская, 28",Телефон: +7 (8512) 52-26-67,,"[{'address_components': [{'long_name': '28', 'short_name': '28', 'types': ['street_number']}, {'long_name': 'Admiralteyskaya ulitsa', 'short_name': 'Admiralteyskaya ul.', 'types': ['route']}, {'long_name': ""Astrakhan'"", 'short_name': ""Astrakhan'"", 'types': ['locality', 'political']}, {'long_name': ""gorod Astrakhan'"", 'short_name': ""g. Astrakhan'"", 'types': ['administrative_area_level_2', 'political']}, {'long_name': ""Astrakhanskaya oblast'"", 'short_name': ""Astrakhanskaya oblast'"", 'types': ['administrative_area_level_1', 'political']}, {'long_name': 'Russia', 'short_name': 'RU', 'types': ['country', 'political']}], 'formatted_address': ""Admiralteyskaya ul., 28, Astrakhan', Astrakhanskaya oblast', Russia"", 'geometry': {'location': {'lat': 46.35665030000001, 'lng': 48.0373943}, 'location_type': 'RANGE_INTERPOLATED', 'viewport': {'northeast': {'lat': 46.35799928029151, 'lng': 48.03874328029149}, 'southwest': {'lat': 46.35530131970851, 'lng': 48.0360453197085}}}, 'partial_match': True, 'place_id': 'EmrQkNC00LzQuNGA0LDQu9GC0LXQudGB0LrQsNGPINGD0LsuLCAyOCwg0JDRgdGC0YDQsNGF0LDQvdGMLCDQkNGB0YLRgNCw0YXQsNC90YHQutCw0Y8g0L7QsdC7Liwg0KDQvtGB0YHQuNGP', 'types': ['street_address']}]",46.35665030000001,48.0373943
4,Барнаул,Авторизованный сервисный центр,"656016, г. Барнаул","ул. Автотранспортная, 55","656016, г. Барнаул,ул. Автотранспортная, 55","Телефон/факс: +7 (3852) 50-15-21, 50-15-22, 50-15-23, 50-15-24",,"[{'address_components': [{'long_name': '55', 'short_name': '55', 'types': ['street_number']}, {'long_name': 'Avtotransportnaya ulitsa', 'short_name': 'Avtotransportnaya ul.', 'types': ['route']}, {'long_name': 'Barnaul', 'short_name': 'Barnaul', 'types': ['locality', 'political']}, {'long_name': 'Barnaul', 'short_name': 'Barnaul', 'types': ['administrative_area_level_2', 'political']}, {'long_name': 'Altayskiy kray', 'short_name': 'Altayskiy kray', 'types': ['administrative_area_level_1', 'political']}, {'long_name': 'Russia', 'short_name': 'RU', 'types': ['country', 'political']}, {'long_name': '656016', 'short_name': '656016', 'types': ['postal_code']}], 'formatted_address': 'Avtotransportnaya ul., 55, Barnaul, Altayskiy kray, Russia, 656016', 'geometry': {'location': {'lat': 53.344577, 'lng': 83.7208976}, 'location_type': 'ROOFTOP', 'viewport': {'northeast': {'lat': 53.3459259802915, 'lng': 83.72224658029151}, 'southwest': {'lat': 53.3432280197085, 'lng': 83.7195486197085}}}, 'place_id': 'ChIJryPdiYWj3UIRbqBfGbYoFUg', 'types': ['street_address']}]",53.344577,83.7208976
5,Белгород,Авторизованный сервисный центр,"308036, г. Белгород","ул. Щорса, 40, ""Медтехника""","308036, г. Белгород,ул. Щорса, 40, ""Медтехника""",Телефон: +7 (4722) 37-11-57,Понедельник - пятница с 12.00 до 17.00,"[{'address_components': [{'long_name': '40', 'short_name': '40', 'types': ['street_number']}, {'long_name': 'ulitsa Shchorsa', 'short_name': 'ul. Shchorsa', 'types': ['route']}, {'long_name': 'Belgorod', 'short_name': 'Belgorod', 'types': ['locality', 'political']}, {'long_name': 'gorod Belgorod', 'short_name': 'g. Belgorod', 'types': ['administrative_area_level_2', 'political']}, {'long_name': ""Belgorodskaya oblast'"", 'short_name': ""Belgorodskaya oblast'"", 'types': ['administrative_area_level_1', 'political']}, {'long_name': 'Russia', 'short_name': 'RU', 'types': ['country', 'political']}, {'long_name': '308036', 'short_name': '308036', 'types': ['postal_code']}], 'formatted_address': ""ul. Shchorsa, 40, Belgorod, Belgorodskaya oblast', Russia, 308036"", 'geometry': {'location': {'lat': 50.5646, 'lng': 36.5701739}, 'location_type': 'ROOFTOP', 'viewport': {'northeast': {'lat': 50.5659489802915, 'lng': 36.5715228802915}, 'southwest': {'lat': 50.5632510197085, 'lng': 36.5688249197085}}}, 'place_id': 'ChIJdydug9tBJkERf1k8gLC6ihA', 'types': ['clothing_store', 'establishment', 'health', 'point_of_interest', 'store']}, {'address_components': [{'long_name': '2 а', 'short_name': '2 а', 'types': ['street_number']}, {'long_name': 'ulitsa Gagarina', 'short_name': 'ul. Gagarina', 'types': ['route']}, {'long_name': 'Belgorod', 'short_name': 'Belgorod', 'types': ['locality', 'political']}, {'long_name': 'gorod Belgorod', 'short_name': 'g. Belgorod', 'types': ['administrative_area_level_2', 'political']}, {'long_name': ""Belgorodskaya oblast'"", 'short_name': ""Belgorodskaya oblast'"", 'types': ['administrative_area_level_1', 'political']}, {'long_name': 'Russia', 'short_name': 'RU', 'types': ['country', 'political']}, {'long_name': '308000', 'short_name': '308000', 'types': ['postal_code']}], 'formatted_address': ""ul. Gagarina, 2 а, Belgorod, Belgorodskaya oblast', Russia, 308000"", 'geometry': {'location': {'lat': 50.61900199999999, 'lng': 36.5893161}, 'location_type': 'ROOFTOP', 'viewport': {'northeast': {'lat': 50.6203509802915, 'lng': 36.59066508029149}, 'southwest': {'lat': 50.6176530197085, 'lng': 36.5879671197085}}}, 'place_id': 'ChIJy-IlDBxrJkERVhR18rkVp_c', 'types': ['establishment', 'health', 'point_of_interest', 'store']}]",50.5646,36.5701739
6,Благовещенск,Авторизованный сервисный центр,"675029, г. Благовещенск","ул. Заводская, д. 154, оф. 30","675029, г. Благовещенск,ул. Заводская, д. 154, оф. 30",Телефон: +7 (4162) 37-66-73 ,,"[{'address_components': [{'long_name': '30', 'short_name': '30', 'types': ['subpremise']}, {'long_name': '154', 'short_name': '154', 'types': ['street_number']}, {'long_name': 'Zavodskaya ulitsa', 'short_name': 'Zavodskaya ul.', 'types': ['route']}, {'long_name': 'Blagoveshchensk', 'short_name': 'Blagoveshchensk', 'types': ['locality', 'political']}, {'long_name': 'gorod Blagoveshchensk', 'short_name': 'g. Blagoveshchensk', 'types': ['administrative_area_level_2', 'political']}, {'long_name': ""Amurskaya oblast'"", 'short_name': ""Amurskaya oblast'"", 'types': ['administrative_area_level_1', 'political']}, {'long_name': 'Russia', 'short_name': 'RU', 'types': ['country', 'political']}, {'long_name': '675029', 'short_name': '675029', 'types': ['postal_code']}], 'formatted_address': ""Zavodskaya ul., 154, 30, Blagoveshchensk, Amurskaya oblast', Russia, 675029"", 'geometry': {'location': {'lat': 50.2841827, 'lng': 127.517273}, 'location_type': 'ROOFTOP', 'viewport': {'northeast': {'lat': 50.2855316802915, 'lng': 127.5186219802915}, 'southwest': {'lat': 50.2828337197085, 'lng': 127.5159240197085}}}, 'place_id': 'EmvQl9Cw0LLQvtC00YHQutCw0Y8g0YPQuy4sIDE1NCwgMzAsINCR0LvQsNCz0L7QstC10YnQtdC90YHQuiwg0JDQvNGD0YDRgdC60LDRjyDQvtCx0LsuLCDQoNC-0YHRgdC40Y8sIDY3NTAyOQ', 'types': ['subpremise']}]",50.2841827,127.517273
7,Брянск ,Авторизованный сервисный центр,"241033, г. Брянск","ул. Дуки, 1,","241033, г. Брянск,ул. Дуки, 1,",Телефон: +7 (4832) 37-07-71,,"[{'address_components': [{'long_name': '1', 'short_name': '1', 'types': ['street_number']}, {'long_name': 'ulitsa Duki', 'short_name': 'ul. Duki', 'types': ['route']}, {'long_name': 'Bryansk', 'short_name': 'Bryansk', 'types': ['locality', 'political']}, {'long_name': 'gorod Bryansk', 'short_name': 'g. Bryansk', 'types': ['administrative_area_level_2', 'political']}, {'long_name': ""Bryanskaya oblast'"", 'short_name': ""Bryanskaya oblast'"", 'types': ['administrative_area_level_1', 'political']}, {'long_name': 'Russia', 'short_name': 'RU', 'types': ['country', 'political']}, {'long_name': '241050', 'short_name': '241050', 'types': ['postal_code']}], 'formatted_address': ""ul. Duki, 1, Bryansk, Bryanskaya oblast', Russia, 241050"", 'geometry': {'location': {'lat': 53.2537433, 'lng': 34.37551}, 'location_type': 'ROOFTOP', 'viewport': {'northeast': {'lat': 53.2550922802915, 'lng': 34.3768589802915}, 'southwest': {'lat': 53.2523943197085, 'lng': 34.3741610197085}}}, 'partial_match': True, 'place_id': 'ChIJDwT71YlYLUERZeB97NmNNCM', 'types': ['street_address']}]",53.2537433,34.37551
8,Владикавказ,Авторизованный консультационный центр,"362000, г. Владикавказ","ул. Ростовская, 14","362000, г. Владикавказ,ул. Ростовская, 14",Телефон: +7 (8672) 54-69-36,,"[{'address_components': [{'long_name': '14', 'short_name': '14', 'types': ['street_number']}, {'long_name': 'Rostovskaya ulitsa', 'short_name': 'Rostovskaya ul.', 'types': ['route']}, {'long_name': 'Vladikavkaz', 'short_name': 'Vladikavkaz', 'types': ['locality', 'political']}, {'long_name': 'gorod Vladikavkaz', 'short_name': 'g. Vladikavkaz', 'types': ['administrative_area_level_2', 'political']}, {'long_name': 'Respublika Severnaya Osetiya-Alaniya', 'short_name': 'Resp. Severnaya Osetiya-Alaniya', 'types': ['administrative_area_level_1', 'political']}, {'long_name': 'Russia', 'short_name': 'RU', 'types': ['country', 'political']}, {'long_name': '362027', 'short_name': '362027', 'types': ['postal_code']}], 'formatted_address': 'Rostovskaya ul., 14, Vladikavkaz, Resp. Severnaya Osetiya-Alaniya, Russia, 362027', 'geometry': {'location': {'lat': 43.0356493, 'lng': 44.6876319}, 'location_type': 'ROOFTOP', 'viewport': {'northeast': {'lat': 43.0369982802915, 'lng': 44.6889808802915}, 'southwest': {'lat': 43.0343003197085, 'lng': 44.6862829197085}}}, 'partial_match': True, 'place_id': 'ChIJNSQrSYUKUEARfpZQsOhXEjM', 'types': ['street_address']}]",43.0356493,44.6876319
9,Владимир,Авторизованный сервисный центр,"600026, г. Владимир","ул. Краснознаменная, д. 3а","600026, г. Владимир,ул. Краснознаменная, д. 3а",Телефон: +7 (4922) 33-09-20,,"[{'address_components': [{'long_name': '3А', 'short_name': '3А', 'types': ['street_number']}, {'long_name': 'Krasnoznamennaya ulitsa', 'short_name': 'Krasnoznamennaya ul.', 'types': ['route']}, {'long_name': 'Vladimir', 'short_name': 'Vladimir', 'types': ['locality', 'political']}, {'long_name': 'gorod Vladimir', 'short_name': 'g. Vladimir', 'types': ['administrative_area_level_2', 'political']}, {'long_name': ""Vladimirskaya oblast'"", 'short_name': ""Vladimirskaya oblast'"", 'types': ['administrative_area_level_1', 'political']}, {'long_name': 'Russia', 'short_name': 'RU', 'types': ['country', 'political']}, {'long_name': '600017', 'short_name': '600017', 'types': ['postal_code']}], 'formatted_address': ""Krasnoznamennaya ul., 3А, Vladimir, Vladimirskaya oblast', Russia, 600017"", 'geometry': {'location': {'lat': 56.142546, 'lng': 40.396362}, 'location_type': 'ROOFTOP', 'viewport': {'northeast': {'lat': 56.1438949802915, 'lng': 40.3977109802915}, 'southwest': {'lat': 56.1411970197085, 'lng': 40.3950130197085}}}, 'partial_match': True, 'place_id': 'ChIJPc1Sqel7TEERjTdfatWRGB4', 'types': ['street_address']}]",56.142546,40.396362
10,Волгоград,Сервисный Центр A&D,"400066, г. Волгоград","ул. Маршала Чуйкова, 55 ","400066, г. Волгоград,ул. Маршала Чуйкова, 55 ","Телефон: 8 (8442) 23-38-39, 23-38-43",,"[{'address_components': [{'long_name': '55', 'short_name': '55', 'types': ['street_number']}, {'long_name': 'ulitsa imeni Marshala V.I. Chuykova', 'short_name': 'ul. imeni Marshala V.I. Chuykova', 'types': ['route']}, {'long_name': 'Volgograd', 'short_name': 'Volgograd', 'types': ['locality', 'political']}, {'long_name': 'gorod Volgograd', 'short_name': 'g. Volgograd', 'types': ['administrative_area_level_2', 'political']}, {'long_name': ""Volgogradskaya oblast'"", 'short_name': ""Volgogradskaya oblast'"", 'types': ['administrative_area_level_1', 'political']}, {'long_name': 'Russia', 'short_name': 'RU', 'types': ['country', 'political']}, {'long_name': '400005', 'short_name': '400005', 'types': ['postal_code']}], 'formatted_address': ""ul. imeni Marshala V.I. Chuykova, 55, Volgograd, Volgogradskaya oblast', Russia, 400005"", 'geometry': {'location': {'lat': 48.719065, 'lng': 44.536973}, 'location_type': 'ROOFTOP', 'viewport': {'northeast': {'lat': 48.7204139802915, 'lng': 44.5383219802915}, 'southwest': {'lat': 48.7177160197085, 'lng': 44.5356240197085}}}, 'partial_match': True, 'place_id': 'ChIJ5RQV_NXKGkERvhOshS1gjT4', 'types': ['street_address']}]",48.719065,44.536973
11,Воронеж,Авторизованный консультационный центр,г. Воронеж,"ул. 20 лет Октября, д. 119 (Дом быта), оф. 325 (3 этаж)","г. Воронеж,ул. 20 лет Октября, д. 119 (Дом быта), оф. 325 (3 этаж)",Телефон: 229-55-89,"вс, пн - выходной","[{'address_components': [{'long_name': '119', 'short_name': '119', 'types': ['street_number']}, {'long_name': 'ulitsa 20-letiya Oktyabrya', 'short_name': 'ul. 20-letiya Oktyabrya', 'types': ['route']}, {'long_name': 'Voronez', 'short_name': 'Voronez', 'types': ['locality', 'political']}, {'long_name': 'gorod Voronezh', 'short_name': 'g. Voronezh', 'types': ['administrative_area_level_2', 'political']}, {'long_name': ""Voronezhskaya oblast'"", 'short_name': ""Voronezhskaya oblast'"", 'types': ['administrative_area_level_1', 'political']}, {'long_name': 'Russia', 'short_name': 'RU', 'types': ['country', 'political']}, {'long_name': '394006', 'short_name': '394006', 'types': ['postal_code']}], 'formatted_address': ""ul. 20-letiya Oktyabrya, 119, Voronez, Voronezhskaya oblast', Russia, 394006"", 'geometry': {'location': {'lat': 51.65472159999999, 'lng': 39.1879229}, 'location_type': 'ROOFTOP', 'viewport': {'northeast': {'lat': 51.6560705802915, 'lng': 39.18927188029151}, 'southwest': {'lat': 51.6533726197085, 'lng': 39.18657391970851}}}, 'place_id': 'ChIJMQVew_QuO0ERxOrErC6z4MA', 'types': ['establishment', 'point_of_interest', 'shopping_mall']}]",51.65472159999999,39.1879229
12,Ессентуки,Авторизованный консультационный центр,"357603, г. Ессентуки","ул. Октябрьская, д. 335","357603, г. Ессентуки,ул. Октябрьская, д. 335",Телефон: +7 (87934) 2-39-66,,"[{'address_components': [{'long_name': '335', 'short_name': '335', 'types': ['street_number']}, {'long_name': 'ulitsa Oktyabrskaya', 'short_name': 'ul. Oktyabrskaya', 'types': ['route']}, {'long_name': 'Essentuki', 'short_name': 'Essentuki', 'types': ['locality', 'political']}, {'long_name': 'gorod Essentuki', 'short_name': 'g. Essentuki', 'types': ['administrative_area_level_2', 'political']}, {'long_name': 'Stavropolskiy kray', 'short_name': 'Stavropolskiy kray', 'types': ['administrative_area_level_1', 'political']}, {'long_name': 'Russia', 'short_name': 'RU', 'types': ['country', 'political']}, {'long_name': '357603', 'short_name': '357603', 'types': ['postal_code']}], 'formatted_address': 'ul. Oktyabrskaya, 335, Essentuki, Stavropolskiy kray, Russia, 357603', 'geometry': {'location': {'lat': 44.0431546, 'lng': 42.8787181}, 'location_type': 'ROOFTOP', 'viewport': {'northeast': {'lat': 44.0445035802915, 'lng': 42.8800670802915}, 'southwest': {'lat': 44.0418056197085, 'lng': 42.8773691197085}}}, 'place_id': 'ChIJFSQeu2GDV0ARF5kfweNDNOk', 'types': ['street_address']}]",44.0431546,42.8787181
13,Иваново,Авторизованный сервисный центр,"153000, г. Иваново","Врачебный пер., 4, оф.4","153000, г. Иваново,Врачебный пер., 4, оф.4",Телефон: +7 (4932) 32-57-68,,"[{'address_components': [{'long_name': '4', 'short_name': '4', 'types': ['subpremise']}, {'long_name': '4', 'short_name': '4', 'types': ['street_number']}, {'long_name': 'Vrachebnyy pereulok', 'short_name': 'Vrachebnyy per.', 'types': ['route']}, {'long_name': 'Ivanovo', 'short_name': 'Ivanovo', 'types': ['locality', 'political']}, {'long_name': 'gorod Ivanovo', 'short_name': 'g. Ivanovo', 'types': ['administrative_area_level_2', 'political']}, {'long_name': ""Ivanovskaya oblast'"", 'short_name': ""Ivanovskaya oblast'"", 'types': ['administrative_area_level_1', 'political']}, {'long_name': 'Russia', 'short_name': 'RU', 'types': ['country', 'political']}, {'long_name': '153000', 'short_name': '153000', 'types': ['postal_code']}], 'formatted_address': ""Vrachebnyy per., 4, 4, Ivanovo, Ivanovskaya oblast', Russia, 153000"", 'geometry': {'location': {'lat': 56.9950702, 'lng': 40.97405639999999}, 'location_type': 'ROOFTOP', 'viewport': {'northeast': {'lat': 56.9964191802915, 'lng': 40.97540538029149}, 'southwest': {'lat': 56.9937212197085, 'lng': 40.9727074197085}}}, 'partial_match': True, 'place_id': 'EmTQktGA0LDRh9C10LHQvdGL0Lkg0L_QtdGALiwgNCwgNCwg0JjQstCw0L3QvtCy0L4sINCY0LLQsNC90L7QstGB0LrQsNGPINC-0LHQuy4sINCg0L7RgdGB0LjRjywgMTUzMDAw', 'types': ['subpremise']}]",56.9950702,40.97405639999999
14,Ижевск,Авторизованный консультационный центр,"426503, г. Ижевск","ул. Салютовская, 73","426503, г. Ижевск,ул. Салютовская, 73",Телефон: +7 (3412) 57-28-83,,"[{'address_components': [{'long_name': '73', 'short_name': '73', 'types': ['street_number']}, {'long_name': 'Salyutovskaya ulitsa', 'short_name': 'Salyutovskaya ul.', 'types': ['route']}, {'long_name': 'Ustinovskiy', 'short_name': 'Ustinovskiy', 'types': ['political', 'sublocality', 'sublocality_level_1']}, {'long_name': 'Izhevsk', 'short_name': 'Izhevsk', 'types': ['locality', 'political']}, {'long_name': 'Izhevsk', 'short_name': 'Izhevsk', 'types': ['administrative_area_level_2', 'political']}, {'long_name': 'Udmurtskaja Respublika', 'short_name': 'Udmurtskaja Respublika', 'types': ['administrative_area_level_1', 'political']}, {'long_name': 'Russia', 'short_name': 'RU', 'types': ['country', 'political']}, {'long_name': '426053', 'short_name': '426053', 'types': ['postal_code']}], 'formatted_address': 'Salyutovskaya ul., 73, Izhevsk, Udmurtskaja Respublika, Russia, 426053', 'geometry': {'location': {'lat': 56.8820716, 'lng': 53.26192169999999}, 'location_type': 'ROOFTOP', 'viewport': {'northeast': {'lat': 56.88342058029149, 'lng': 53.26327068029149}, 'southwest': {'lat': 56.88072261970849, 'lng': 53.26057271970849}}}, 'partial_match': True, 'place_id': 'ChIJDX62dLM54UMRloxR9n1K0Lk', 'types': ['street_address']}]",56.8820716,53.26192169999999
15,Иркутск,Авторизованный консультационный центр,"664001, г. Иркутск","ул. Рабочего Штаба, 1/3","664001, г. Иркутск,ул. Рабочего Штаба, 1/3","Телефон: +7 (3952) 70-31-30, 56-69-11",,"[{'address_components': [{'long_name': '1/3', 'short_name': '1/3', 'types': ['street_number']}, {'long_name': 'ulitsa Rabochego Shtaba', 'short_name': 'ul. Rabochego Shtaba', 'types': ['route']}, {'long_name': 'Irkutsk', 'short_name': 'Irkutsk', 'types': ['locality', 'political']}, {'long_name': 'gorod Irkutsk', 'short_name': 'g. Irkutsk', 'types': ['administrative_area_level_2', 'political']}, {'long_name': ""Irkutskaya oblast'"", 'short_name': ""Irkutskaya oblast'"", 'types': ['administrative_area_level_1', 'political']}, {'long_name': 'Russia', 'short_name': 'RU', 'types': ['country', 'political']}, {'long_name': '664001', 'short_name': '664001', 'types': ['postal_code']}], 'formatted_address': ""ul. Rabochego Shtaba, 1/3, Irkutsk, Irkutskaya oblast', Russia, 664001"", 'geometry': {'location': {'lat': 52.30036200000001, 'lng': 104.297091}, 'location_type': 'ROOFTOP', 'viewport': {'northeast': {'lat': 52.30171098029151, 'lng': 104.2984399802915}, 'southwest': {'lat': 52.29901301970851, 'lng': 104.2957420197085}}}, 'place_id': 'ChIJv7CmAiw7qF0RSsEVLqdUc1o', 'types': ['street_address']}]",52.30036200000001,104.297091
16,Йошкар-Ола,Авторизованный сервисный центр,"424031, РЭМ, г. Йошкар-Ола, ","ул. Советская, д. 105","424031, РЭМ, г. Йошкар-Ола, ,ул. Советская, д. 105",Телефон: +7 (8362) 38-03-18,,"[{'address_components': [{'long_name': '105', 'short_name': '105', 'types': ['street_number']}, {'long_name': 'ulitsa Sovetskaya', 'short_name': 'ul. Sovetskaya', 'types': ['route']}, {'long_name': 'Yoshkar-Ola', 'short_name': 'Yoshkar-Ola', 'types': ['locality', 'political']}, {'long_name': 'gorod Yoshkar-Ola', 'short_name': 'g. Yoshkar-Ola', 'types': ['administrative_area_level_2', 'political']}, {'long_name': 'Йошкар-Ола', 'short_name': 'Йошкар-Ола', 'types': ['administrative_area_level_1', 'political']}, {'long_name': 'Russia', 'short_name': 'RU', 'types': ['country', 'political']}, {'long_name': '424031', 'short_name': '424031', 'types': ['postal_code']}], 'formatted_address': 'ul. Sovetskaya, 105, Yoshkar-Ola, Йошкар-Ола, Russia, 424031', 'geometry': {'location': {'lat': 56.638568, 'lng': 47.900579}, 'location_type': 'ROOFTOP', 'viewport': {'northeast': {'lat': 56.6399169802915, 'lng': 47.9019279802915}, 'southwest': {'lat': 56.6372190197085, 'lng': 47.8992300197085}}}, 'place_id': 'ChIJRZC0DCzrWUERGncXCsFPjO4', 'types': ['establishment', 'florist', 'point_of_interest', 'store']}]",56.638568,47.900579
17,Казань,Сервисный Центр A&D,"420097, г. Казань","ул. Масгута Латыпова, д.58 ","420097, г. Казань,ул. Масгута Латыпова, д.58 ",Телефон: +7 (843) 590-80-10; 590-80-40,,"[{'address_components': [{'long_name': '58', 'short_name': '58', 'types': ['street_number']}, {'long_name': 'ulitsa Masguta Latypova', 'short_name': 'ul. Masguta Latypova', 'types': ['route']}, {'long_name': ""Kazan'"", 'short_name': ""Kazan'"", 'types': ['locality', 'political']}, {'long_name': ""gorod Kazan'"", 'short_name': ""g. Kazan'"", 'types': ['administrative_area_level_2', 'political']}, {'long_name': 'Respublika Tatarstan', 'short_name': 'Respublika Tatarstan', 'types': ['administrative_area_level_1', 'political']}, {'long_name': 'Russia', 'short_name': 'RU', 'types': ['country', 'political']}, {'long_name': '420097', 'short_name': '420097', 'types': ['postal_code']}], 'formatted_address': 'ul. Masguta Latypova, 58, Kazan, Respublika Tatarstan, Russia, 420097', 'geometry': {'location': {'lat': 55.7842455, 'lng': 49.1582282}, 'location_type': 'ROOFTOP', 'viewport': {'northeast': {'lat': 55.78559448029149, 'lng': 49.15957718029149}, 'southwest': {'lat': 55.7828965197085, 'lng': 49.15687921970849}}}, 'place_id': 'ChIJqXT8rZ-tXkERuBWZptYepgI', 'types': ['street_address']}]",55.7842455,49.1582282
18,Калининград,Авторизованный консультационный центр,"236039, г. Калининград","ул. Багратиона, 49-505","236039, г. Калининград,ул. Багратиона, 49-505",Телефон: +7 (911) 484-09-40,,"[{'address_components': [{'long_name': '49', 'short_name': '49', 'types': ['street_number']}, {'long_name': 'ulitsa Bagrationa', 'short_name': 'ul. Bagrationa', 'types': ['route']}, {'long_name': 'Konigsberg', 'short_name': 'Konigsberg', 'types': ['locality', 'political']}, {'long_name': 'gorod Kaliningrad', 'short_name': 'g. Kaliningrad', 'types': ['administrative_area_level_2', 'political']}, {'long_name': ""Kaliningradskaya oblast'"", 'short_name': ""Kaliningradskaya oblast'"", 'types': ['administrative_area_level_1', 'political']}, {'long_name': 'Russia', 'short_name': 'RU', 'types': ['country', 'political']}, {'long_name': '236039', 'short_name': '236039', 'types': ['postal_code']}], 'formatted_address': ""ul. Bagrationa, 49, Konigsberg, Kaliningradskaya oblast', Russia, 236039"", 'geometry': {'location': {'lat': 54.698895, 'lng': 20.509525}, 'location_type': 'ROOFTOP', 'viewport': {'northeast': {'lat': 54.7002439802915, 'lng': 20.5108739802915}, 'southwest': {'lat': 54.6975460197085, 'lng': 20.5081760197085}}}, 'partial_match': True, 'place_id': 'ChIJ2STVbD4W40YR2DsNDnJZNI4', 'types': ['street_address']}]",54.698895,20.509525
19,Калуга,Авторизованный сервисный центр,"248003, г. Калуга","ул. Тульская, 189, стр.5","248003, г. Калуга,ул. Тульская, 189, стр.5",Телефон: +7 (4842) 53-24-87,,"[{'address_components': [{'long_name': '189с5', 'short_name': '189с5', 'types': ['street_number']}, {'long_name': 'ulitsa Tulskaya', 'short_name': 'ul. Tulskaya', 'types': ['route']}, {'long_name': 'Kaluga', 'short_name': 'Kaluga', 'types': ['locality', 'political']}, {'long_name': 'gorod Kaluga', 'short_name': 'g. Kaluga', 'types': ['administrative_area_level_2', 'political']}, {'long_name': ""Kaluzhskaya oblast'"", 'short_name': ""Kaluzhskaya oblast'"", 'types': ['administrative_area_level_1', 'political']}, {'long_name': 'Russia', 'short_name': 'RU', 'types': ['country', 'political']}, {'long_name': '248000', 'short_name': '248000', 'types': ['postal_code']}], 'formatted_address': ""ul. Tulskaya, 189с5, Kaluga, Kaluzhskaya oblast', Russia, 248000"", 'geometry': {'location': {'lat': 54.514411, 'lng': 36.298794}, 'location_type': 'ROOFTOP', 'viewport': {'northeast': {'lat': 54.5157599802915, 'lng': 36.3001429802915}, 'southwest': {'lat': 54.5130620197085, 'lng': 36.2974450197085}}}, 'place_id': 'ChIJS24OC2C5NEERvpzcnupybnA', 'types': ['street_address']}]",54.514411,36.298794
20,Кемерово ,Авторизованный сервисный центр,"650070, г. Кемерово","Молодежный пр-т, д.11","650070, г. Кемерово,Молодежный пр-т, д.11",Телефон: +7 (3842) 56-85-28,,"[{'address_components': [{'long_name': '11', 'short_name': '11', 'types': ['street_number']}, {'long_name': 'prospekt Molodezhnyy', 'short_name': 'prosp. Molodezhnyy', 'types': ['route']}, {'long_name': 'Kemerovo', 'short_name': 'Kemerovo', 'types': ['locality', 'political']}, {'long_name': 'gorod Kemerovo', 'short_name': 'g. Kemerovo', 'types': ['administrative_area_level_2', 'political']}, {'long_name': ""Kemerovskaya oblast'"", 'short_name': ""Kemerovskaya oblast'"", 'types': ['administrative_area_level_1', 'political']}, {'long_name': 'Russia', 'short_name': 'RU', 'types': ['country', 'political']}, {'long_name': '650070', 'short_name': '650070', 'types': ['postal_code']}], 'formatted_address': ""prosp. Molodezhnyy, 11, Kemerovo, Kemerovskaya oblast', Russia, 650070"", 'geometry': {'location': {'lat': 55.3260515, 'lng': 86.12084949999999}, 'location_type': 'ROOFTOP', 'viewport': {'northeast': {'lat': 55.32740048029149, 'lng': 86.12219848029149}, 'southwest': {'lat': 55.3247025197085, 'lng': 86.11950051970848}}}, 'place_id': 'ChIJ3W4torgO2EIR-LEB6vLn5FU', 'types': ['street_address']}]",55.3260515,86.12084949999999
21,Керчь,Авторизованный консультационный центр,"298302, г. Керчь","ул. Шлагбаумская, д. 38","298302, г. Керчь,ул. Шлагбаумская, д. 38",Телефон: +7 (978) 044-59-02,,"[{'address_components': [{'long_name': '38', 'short_name': '38', 'types': ['street_number']}, {'long_name': ""Shlahbaums'ka Street"", 'short_name': ""Shlahbaums'ka St"", 'types': ['route']}, {'long_name': ""Kerch'"", 'short_name': ""Kerch'"", 'types': ['locality', 'political']}, {'long_name': 'Krym', 'short_name': 'Krym', 'types': ['administrative_area_level_1', 'political']}], 'formatted_address': ""38 Shlahbaums'ka St, Kerch'"", 'geometry': {'location': {'lat': 45.3565707, 'lng': 36.4600684}, 'location_type': 'ROOFTOP', 'viewport': {'northeast': {'lat': 45.3579196802915, 'lng': 36.46141738029149}, 'southwest': {'lat': 45.3552217197085, 'lng': 36.45871941970849}}}, 'partial_match': True, 'place_id': 'ChIJDQDwURS77kARaDerUWndyf4', 'types': ['street_address']}]",45.3565707,36.4600684
22,Киров,Авторизованный консультационный центр,"610000, г. Киров","ул. Воровского, 56А","610000, г. Киров,ул. Воровского, 56А",Телефон: +7 (8332) 63-94-00,,"[{'address_components': [{'long_name': '56А', 'short_name': '56А', 'types': ['street_number']}, {'long_name': 'ulitsa Vorovskogo', 'short_name': 'ul. Vorovskogo', 'types': ['route']}, {'long_name': 'Kirov', 'short_name': 'Kirov', 'types': ['locality', 'political']}, {'long_name': 'Kirov', 'short_name': 'Kirov', 'types': ['administrative_area_level_2', 'political']}, {'long_name': ""Kirovskaya oblast'"", 'short_name': ""Kirovskaya oblast'"", 'types': ['administrative_area_level_1', 'political']}, {'long_name': 'Russia', 'short_name': 'RU', 'types': ['country', 'political']}, {'long_name': '610035', 'short_name': '610035', 'types': ['postal_code']}], 'formatted_address': ""ul. Vorovskogo, 56А, Kirov, Kirovskaya oblast', Russia, 610035"", 'geometry': {'location': {'lat': 58.59274799999999, 'lng': 49.642933}, 'location_type': 'ROOFTOP', 'viewport': {'northeast': {'lat': 58.5940969802915, 'lng': 49.6442819802915}, 'southwest': {'lat': 58.59139901970849, 'lng': 49.6415840197085}}}, 'partial_match': True, 'place_id': 'ChIJ-2-H2X_2_EMR8rAguIklE2g', 'types': ['street_address']}]",58.59274799999999,49.642933
23,Ковров,Авторизованный сервисный центр,"601901, г. Ковров,","ул. Фурманова, 31","601901, г. Ковров,,ул. Фурманова, 31",Телефон: +7 (49232) 6-46-52,,"[{'address_components': [{'long_name': '31', 'short_name': '31', 'types': ['street_number']}, {'long_name': 'ulitsa Furmanova', 'short_name': 'ul. Furmanova', 'types': ['route']}, {'long_name': 'Kovrov', 'short_name': 'Kovrov', 'types': ['locality', 'political']}, {'long_name': 'gorod Kovrov', 'short_name': 'g. Kovrov', 'types': ['administrative_area_level_2', 'political']}, {'long_name': ""Vladimirskaya oblast'"", 'short_name': ""Vladimirskaya oblast'"", 'types': ['administrative_area_level_1', 'political']}, {'long_name': 'Russia', 'short_name': 'RU', 'types': ['country', 'political']}, {'long_name': '601901', 'short_name': '601901', 'types': ['postal_code']}], 'formatted_address': ""ul. Furmanova, 31, Kovrov, Vladimirskaya oblast', Russia, 601901"", 'geometry': {'location': {'lat': 56.36091, 'lng': 41.307872}, 'location_type': 'ROOFTOP', 'viewport': {'northeast': {'lat': 56.36225898029149, 'lng': 41.30922098029149}, 'southwest': {'lat': 56.3595610197085, 'lng': 41.3065230197085}}}, 'place_id': 'ChIJz-xYGAFJTEERqgTqP7EuhRg', 'types': ['street_address']}]",56.36091,41.307872
24,Кострома,Авторизованный консультационный центр,"156013, г. Кострома,","пр-т Мира, 51","156013, г. Кострома,,пр-т Мира, 51",Телефон: +7 (4942) 46-72-20,,"[{'address_components': [{'long_name': '51', 'short_name': '51', 'types': ['street_number']}, {'long_name': 'prospekt Mira', 'short_name': 'pr. Mira', 'types': ['route']}, {'long_name': 'Kostroma', 'short_name': 'Kostroma', 'types': ['locality', 'political']}, {'long_name': 'gorod Kostroma', 'short_name': 'g. Kostroma', 'types': ['administrative_area_level_2', 'political']}, {'long_name': ""Kostromskaya oblast'"", 'short_name': ""Kostromskaya oblast'"", 'types': ['administrative_area_level_1', 'political']}, {'long_name': 'Russia', 'short_name': 'RU', 'types': ['country', 'political']}, {'long_name': '156013', 'short_name': '156013', 'types': ['postal_code']}], 'formatted_address': ""pr. Mira, 51, Kostroma, Kostromskaya oblast', Russia, 156013"", 'geometry': {'location': {'lat': 57.77486799999999, 'lng': 40.940013}, 'location_type': 'ROOFTOP', 'viewport': {'northeast': {'lat': 57.7762169802915, 'lng': 40.9413619802915}, 'southwest': {'lat': 57.77351901970849, 'lng': 40.9386640197085}}}, 'place_id': 'ChIJv_eXZuVPrUYRgLG2-Lu9lWM', 'types': ['street_address']}]",57.77486799999999,40.940013
25,Краснодар,Сервисный Центр A&D,"350061, г. Краснодар","ул. Игнатова, 2","350061, г. Краснодар,ул. Игнатова, 2","Телефон: +7 (861) 234-09-30, 234-03-05 ",,"[{'address_components': [{'long_name': '2', 'short_name': '2', 'types': ['street_number']}, {'long_name': 'ulitsa Ignatova', 'short_name': 'ul. Ignatova', 'types': ['route']}, {'long_name': 'Krasnodar', 'short_name': 'Krasnodar', 'types': ['locality', 'political']}, {'long_name': 'gorod Krasnodar', 'short_name': 'g. Krasnodar', 'types': ['administrative_area_level_2', 'political']}, {'long_name': 'Krasnodarskiy kray', 'short_name': 'Krasnodarskiy kray', 'types': ['administrative_area_level_1', 'political']}, {'long_name': 'Russia', 'short_name': 'RU', 'types': ['country', 'political']}, {'long_name': '350061', 'short_name': '350061', 'types': ['postal_code']}], 'formatted_address': 'ul. Ignatova, 2, Krasnodar, Krasnodarskiy kray, Russia, 350061', 'geometry': {'location': {'lat': 45.011266, 'lng': 39.071513}, 'location_type': 'ROOFTOP', 'viewport': {'northeast': {'lat': 45.0126149802915, 'lng': 39.07286198029149}, 'southwest': {'lat': 45.0099170197085, 'lng': 39.0701640197085}}}, 'place_id': 'ChIJtwwgZnlQ8EARXX65G27am5E', 'types': ['street_address']}]",45.011266,39.071513
26,Красноярск ,Сервисный Центр A&D,"660098, г. Красноярск,","ул. Молокова, 16","660098, г. Красноярск,,ул. Молокова, 16","Телефон: +7 (391) 275-23-31, 275-23-32, 275-23-38",,"[{'address_components': [{'long_name': '16', 'short_name': '16', 'types': ['street_number']}, {'long_name': 'ulitsa Molokova', 'short_name': 'ul. Molokova', 'types': ['route']}, {'long_name': 'Krasnoyarsk', 'short_name': 'Krasnoyarsk', 'types': ['locality', 'political']}, {'long_name': 'Krasnoyarsk', 'short_name': 'Krasnoyarsk', 'types': ['administrative_area_level_2', 'political']}, {'long_name': 'Krasnoyarskiy kray', 'short_name': 'Krasnoyarskiy kray', 'types': ['administrative_area_level_1', 'political']}, {'long_name': 'Russia', 'short_name': 'RU', 'types': ['country', 'political']}, {'long_name': '660098', 'short_name': '660098', 'types': ['postal_code']}], 'formatted_address': 'ul. Molokova, 16, Krasnoyarsk, Krasnoyarskiy kray, Russia, 660098', 'geometry': {'location': {'lat': 56.0488633, 'lng': 92.91856}, 'location_type': 'ROOFTOP', 'viewport': {'northeast': {'lat': 56.0502122802915, 'lng': 92.91990898029151}, 'southwest': {'lat': 56.0475143197085, 'lng': 92.9172110197085}}}, 'place_id': 'ChIJHfLagxGv11wR0u8pXYZzLEU', 'types': ['street_address']}]",56.0488633,92.91856
27,Курск ,Авторизованный сервисный центр,"305004, г. Курск,","Ахтырский пер., д. 7-б","305004, г. Курск,,Ахтырский пер., д. 7-б","Телефон: +7 (4712) 58-79-67,58-87-41, 73-46-35","Вторник, четверг – с 8-00 до 16-00, Среда, пятница- с 8-00 до 15-00, Суббота – с 9-00 до 14-00, Выходной – воскресенье, понедельник","[{'address_components': [{'long_name': '7', 'short_name': '7', 'types': ['street_number']}, {'long_name': 'Akhtyrskiy pereulok', 'short_name': 'Akhtyrskiy per.', 'types': ['route']}, {'long_name': 'Kursk', 'short_name': 'Kursk', 'types': ['locality', 'political']}, {'long_name': 'gorod Kursk', 'short_name': 'g. Kursk', 'types': ['administrative_area_level_2', 'political']}, {'long_name': ""Kurskaya oblast'"", 'short_name': ""Kurskaya oblast'"", 'types': ['administrative_area_level_1', 'political']}, {'long_name': 'Russia', 'short_name': 'RU', 'types': ['country', 'political']}, {'long_name': '305004', 'short_name': '305004', 'types': ['postal_code']}], 'formatted_address': ""Akhtyrskiy per., 7, Kursk, Kurskaya oblast', Russia, 305004"", 'geometry': {'location': {'lat': 51.751202, 'lng': 36.194722}, 'location_type': 'ROOFTOP', 'viewport': {'northeast': {'lat': 51.7525509802915, 'lng': 36.1960709802915}, 'southwest': {'lat': 51.7498530197085, 'lng': 36.1933730197085}}}, 'partial_match': True, 'place_id': 'ChIJcW_-Tc8DL0ERNBXPeNdpO9Q', 'types': ['street_address']}]",51.751202,36.194722
28,Ливны ,Авторизованный консультационный центр,"303850, г. Ливны","ул. Дружбы Народов, д. 126, корпус 2","303850, г. Ливны,ул. Дружбы Народов, д. 126, корпус 2",Телефон: +7 (953) 812-02-08,,"[{'address_components': [{'long_name': '126к2', 'short_name': '126к2', 'types': ['street_number']}, {'long_name': 'ulitsa Dr. Narodov', 'short_name': 'ul. Dr. Narodov', 'types': ['route']}, {'long_name': 'Livny', 'short_name': 'Livny', 'types': ['locality', 'political']}, {'long_name': 'gorod Livny', 'short_name': 'g. Livny', 'types': ['administrative_area_level_2', 'political']}, {'long_name': ""Orlovskaya oblast'"", 'short_name': ""Orlovskaya oblast'"", 'types': ['administrative_area_level_1', 'political']}, {'long_name': 'Russia', 'short_name': 'RU', 'types': ['country', 'political']}, {'long_name': '303858', 'short_name': '303858', 'types': ['postal_code']}], 'formatted_address': ""ul. Dr. Narodov, 126к2, Livny, Orlovskaya oblast', Russia, 303858"", 'geometry': {'location': {'lat': 52.420361, 'lng': 37.604088}, 'location_type': 'ROOFTOP', 'viewport': {'northeast': {'lat': 52.4217099802915, 'lng': 37.60543698029149}, 'southwest': {'lat': 52.4190120197085, 'lng': 37.60273901970849}}}, 'place_id': 'ChIJp9XPh8U7MEERmPBH9sZSCSk', 'types': ['street_address']}]",52.420361,37.604088
29,Липецк,Авторизованный сервисный центр,"398002, г. Липецк","ул. Циолковского, 7","398002, г. Липецк,ул. Циолковского, 7",Телефон: (4742) 24-02-37,,"[{'address_components': [{'long_name': '7', 'short_name': '7', 'types': ['street_number']}, {'long_name': 'ulitsa Tsiolkovskogo', 'short_name': 'ul. Tsiolkovskogo', 'types': ['route']}, {'long_name': 'Lipeck', 'short_name': 'Lipeck', 'types': ['locality', 'political']}, {'long_name': 'gorod Lipetsk', 'short_name': 'g. Lipetsk', 'types': ['administrative_area_level_2', 'political']}, {'long_name': ""Lipetskaya oblast'"", 'short_name': ""Lipetskaya oblast'"", 'types': ['administrative_area_level_1', 'political']}, {'long_name': 'Russia', 'short_name': 'RU', 'types': ['country', 'political']}, {'long_name': '398032', 'short_name': '398032', 'types': ['postal_code']}], 'formatted_address': ""ul. Tsiolkovskogo, 7, Lipeck, Lipetskaya oblast', Russia, 398032"", 'geometry': {'location': {'lat': 52.6170267, 'lng': 39.5510243}, 'location_type': 'ROOFTOP', 'viewport': {'northeast': {'lat': 52.61837568029149, 'lng': 39.5523732802915}, 'southwest': {'lat': 52.6156777197085, 'lng': 39.54967531970851}}}, 'partial_match': True, 'place_id': 'ChIJyWEqdGATOkERfrXk06EK7DU', 'types': ['street_address']}]",52.6170267,39.5510243
30,Минеральные воды,Авторизованный консультационный центр,"357202, г. Минеральные Воды","ул. Ставропольская, 25А","357202, г. Минеральные Воды,ул. Ставропольская, 25А",Телефон: +7 (87922) 5-72-54,,"[{'address_components': [{'long_name': '25а', 'short_name': '25а', 'types': ['street_number']}, {'long_name': 'Stavropolskaya ulitsa', 'short_name': 'Stavropolskaya ul.', 'types': ['route']}, {'long_name': 'Mineralnye Vody', 'short_name': 'Mineralnye Vody', 'types': ['locality', 'political']}, {'long_name': 'gorod Mineralnye Vody', 'short_name': 'g. Mineralnye Vody', 'types': ['administrative_area_level_2', 'political']}, {'long_name': 'Stavropolskiy kray', 'short_name': 'Stavropolskiy kray', 'types': ['administrative_area_level_1', 'political']}, {'long_name': 'Russia', 'short_name': 'RU', 'types': ['country', 'political']}, {'long_name': '357202', 'short_name': '357202', 'types': ['postal_code']}], 'formatted_address': 'Stavropolskaya ul., 25а, Mineralnye Vody, Stavropolskiy kray, Russia, 357202', 'geometry': {'location': {'lat': 44.2111082, 'lng': 43.12331770000001}, 'location_type': 'ROOFTOP', 'viewport': {'northeast': {'lat': 44.21245718029149, 'lng': 43.12466668029151}, 'southwest': {'lat': 44.2097592197085, 'lng': 43.12196871970851}}}, 'place_id': 'ChIJnUTCCJCjV0ARBML2k5r5T9Y', 'types': ['street_address']}]",44.2111082,43.12331770000001
31,Мурманск,Авторизованный сервисный центр,"183031, г. Мурманск","ул. Свердлова, 9","183031, г. Мурманск,ул. Свердлова, 9",Телефон: +7 (8152) 555-900,,"[{'address_components': [{'long_name': '9', 'short_name': '9', 'types': ['street_number']}, {'long_name': 'ulitsa Sverdlova', 'short_name': 'ul. Sverdlova', 'types': ['route']}, {'long_name': 'Murmansk', 'short_name': 'Murmansk', 'types': ['locality', 'political']}, {'long_name': 'gorod Murmansk', 'short_name': 'g. Murmansk', 'types': ['administrative_area_level_2', 'political']}, {'long_name': ""Murmanskaya oblast'"", 'short_name': ""Murmanskaya oblast'"", 'types': ['administrative_area_level_1', 'political']}, {'long_name': 'Russia', 'short_name': 'RU', 'types': ['country', 'political']}, {'long_name': '183031', 'short_name': '183031', 'types': ['postal_code']}], 'formatted_address': ""ul. Sverdlova, 9, Murmansk, Murmanskaya oblast', Russia, 183031"", 'geometry': {'location': {'lat': 68.989323, 'lng': 33.1153196}, 'location_type': 'ROOFTOP', 'viewport': {'northeast': {'lat': 68.99067198029151, 'lng': 33.1166685802915}, 'southwest': {'lat': 68.9879740197085, 'lng': 33.1139706197085}}}, 'place_id': 'ChIJzUaul0kQNEQRBouliNnNYi4', 'types': ['street_address']}]",68.989323,33.1153196
32,Мценск ,Авторизованный консультационный центр,"303030, г. Мценск","ул. Советская, д. 26-а","303030, г. Мценск,ул. Советская, д. 26-а",Телефон: +7 (4862) 54-26-21,,"[{'address_components': [{'long_name': '26А', 'short_name': '26А', 'types': ['street_number']}, {'long_name': 'ulitsa Sovetskaya', 'short_name': 'ul. Sovetskaya', 'types': ['route']}, {'long_name': 'Mtsensk', 'short_name': 'Mtsensk', 'types': ['locality', 'political']}, {'long_name': 'gorod Mtsensk', 'short_name': 'g. Mtsensk', 'types': ['administrative_area_level_2', 'political']}, {'long_name': ""Orlovskaya oblast'"", 'short_name': ""Orlovskaya oblast'"", 'types': ['administrative_area_level_1', 'political']}, {'long_name': 'Russia', 'short_name': 'RU', 'types': ['country', 'political']}, {'long_name': '303030', 'short_name': '303030', 'types': ['postal_code']}], 'formatted_address': ""ul. Sovetskaya, 26А, Mtsensk, Orlovskaya oblast', Russia, 303030"", 'geometry': {'location': {'lat': 53.281132, 'lng': 36.569576}, 'location_type': 'ROOFTOP', 'viewport': {'northeast': {'lat': 53.2824809802915, 'lng': 36.5709249802915}, 'southwest': {'lat': 53.2797830197085, 'lng': 36.5682270197085}}}, 'place_id': 'ChIJF_ecumYtMkERk82m5-q2o1g', 'types': ['street_address']}]",53.281132,36.569576
33,Набережные Челны,Консультационный центр A&D,"423800, г. Набережные Челны","пр-т Хасана Туфана, 1, комплекс 42/07","423800, г. Набережные Челны,пр-т Хасана Туфана, 1",Телефон: +7 (8552) 52-50-75,,"[{'address_components': [{'long_name': '1', 'short_name': '1', 'types': ['street_number']}, {'long_name': 'prospekt Khasana Tufana', 'short_name': 'pr. Khasana Tufana', 'types': ['route']}, {'long_name': 'Naberezhnye Chelny', 'short_name': 'Naberezhnye Chelny', 'types': ['locality', 'political']}, {'long_name': 'gorod Naberezhnye Chelny', 'short_name': 'g. Naberezhnye Chelny', 'types': ['administrative_area_level_2', 'political']}, {'long_name': 'Respublika Tatarstan', 'short_name': 'Respublika Tatarstan', 'types': ['administrative_area_level_1', 'political']}, {'long_name': 'Russia', 'short_name': 'RU', 'types': ['country', 'political']}, {'long_name': '423810', 'short_name': '423810', 'types': ['postal_code']}], 'formatted_address': 'pr. Khasana Tufana, 1, Naberezhnye Chelny, Respublika Tatarstan, Russia, 423810', 'geometry': {'bounds': {'northeast': {'lat': 55.7338824, 'lng': 52.4251054}, 'southwest': {'lat': 55.733875, 'lng': 52.425092}}, 'location': {'lat': 55.733875, 'lng': 52.425092}, 'location_type': 'RANGE_INTERPOLATED', 'viewport': {'northeast': {'lat': 55.73522768029149, 'lng': 52.4264476802915}, 'southwest': {'lat': 55.7325297197085, 'lng': 52.4237497197085}}}, 'partial_match': True, 'place_id': 'EnfQv9GALiDQpdCw0YHQsNC90LAg0KLRg9GE0LDQvdCwLCAxLCDQndCw0LHQtdGA0LXQttC90YvQtSDQp9C10LvQvdGLLCDQoNC10YHQvy4g0KLQsNGC0LDRgNGB0YLQsNC9LCDQoNC-0YHRgdC40Y8sIDQyMzgxMA', 'types': ['street_address']}]",55.733875,52.425092
34,Санкт-Петербург,Сервисный Центр A&D,"198095, г. Санкт-Петербург",ул. Швецова д. 41,"198095, г. Санкт-Петербург,ул. Швецова д. 41",Телефон: +7 (812) 777-03-03,пн-пт с 9:00 до 18:00 ,"[{'address_components': [{'long_name': '41', 'short_name': '41', 'types': ['street_number']}, {'long_name': 'ulitsa Shvetsova', 'short_name': 'ul. Shvetsova', 'types': ['route']}, {'long_name': 'Sankt-Peterburg', 'short_name': 'СПБ', 'types': ['locality', 'political']}, {'long_name': 'Sankt-Peterburg', 'short_name': 'Sankt-Peterburg', 'types': ['administrative_area_level_2', 'political']}, {'long_name': 'Russia', 'short_name': 'RU', 'types': ['country', 'political']}, {'long_name': '198095', 'short_name': '198095', 'types': ['postal_code']}], 'formatted_address': 'ul. Shvetsova, 41, Sankt-Peterburg, Russia, 198095', 'geometry': {'location': {'lat': 59.8967943, 'lng': 30.290122}, 'location_type': 'ROOFTOP', 'viewport': {'northeast': {'lat': 59.89814328029151, 'lng': 30.2914709802915}, 'southwest': {'lat': 59.8954453197085, 'lng': 30.2887730197085}}}, 'place_id': 'ChIJxZWEc2IwlkYRGhtkSlkq968', 'types': ['street_address']}]",59.8967943,30.290122
35,Нижний Новгород,Сервисный Центр A&D,"603006, г. Нижний Новгород","ул. Варварская, д. 40 «б», помещение № П5","603006, г. Нижний Новгород,ул. Варварская, д. 40 «б»","Телефон: +7 (831) 411-86-89, 411-87-69",,"[{'address_components': [{'long_name': '40б', 'short_name': '40б', 'types': ['street_number']}, {'long_name': 'ulitsa Varvarskaya', 'short_name': 'ul. Varvarskaya', 'types': ['route']}, {'long_name': 'Nizhnij Novgorod', 'short_name': 'Nizhnij Novgorod', 'types': ['locality', 'political']}, {'long_name': 'gorod Nizhniy Novgorod', 'short_name': 'g. Nizhniy Novgorod', 'types': ['administrative_area_level_2', 'political']}, {'long_name': ""Nizhegorodskaya oblast'"", 'short_name': ""Nizhegorodskaya oblast'"", 'types': ['administrative_area_level_1', 'political']}, {'long_name': 'Russia', 'short_name': 'RU', 'types': ['country', 'political']}, {'long_name': '603006', 'short_name': '603006', 'types': ['postal_code']}], 'formatted_address': ""ul. Varvarskaya, 40б, Nizhnij Novgorod, Nizhegorodskaya oblast', Russia, 603006"", 'geometry': {'location': {'lat': 56.3207833, 'lng': 44.0147448}, 'location_type': 'ROOFTOP', 'viewport': {'northeast': {'lat': 56.32213228029149, 'lng': 44.0160937802915}, 'southwest': {'lat': 56.31943431970849, 'lng': 44.0133958197085}}}, 'place_id': 'ChIJnaYbOlDUUUERZF912n1wzas', 'types': ['street_address']}]",56.3207833,44.0147448
36,Новокузнецк,Авторизованный сервисный центр,"654005, г. Новокузнецк,","ул. Пирогова, 9, каб. 206","654005, г. Новокузнецк, ул. Пирогова, 9",Телефон: +7 (3843) 33-00-47,,"[{'address_components': [{'long_name': '9', 'short_name': '9', 'types': ['street_number']}, {'long_name': 'ulitsa Pirogova', 'short_name': 'ul. Pirogova', 'types': ['route']}, {'long_name': 'Novokuznetsk', 'short_name': 'Novokuznetsk', 'types': ['locality', 'political']}, {'long_name': 'gorod Novokuznetsk', 'short_name': 'g. Novokuznetsk', 'types': ['administrative_area_level_2', 'political']}, {'long_name': ""Kemerovskaya oblast'"", 'short_name': ""Kemerovskaya oblast'"", 'types': ['administrative_area_level_1', 'political']}, {'long_name': 'Russia', 'short_name': 'RU', 'types': ['country', 'political']}], 'formatted_address': ""ul. Pirogova, 9, Novokuznetsk, Kemerovskaya oblast', Russia"", 'geometry': {'bounds': {'northeast': {'lat': 53.76735559999999, 'lng': 87.1118322}, 'southwest': {'lat': 53.7673555, 'lng': 87.1118135}}, 'location': {'lat': 53.7673555, 'lng': 87.1118322}, 'location_type': 'RANGE_INTERPOLATED', 'viewport': {'northeast': {'lat': 53.7687045302915, 'lng': 87.1131718302915}, 'southwest': {'lat': 53.7660065697085, 'lng': 87.1104738697085}}}, 'place_id': 'El_Rg9C7LiDQn9C40YDQvtCz0L7QstCwLCA5LCDQndC-0LLQvtC60YPQt9C90LXRhtC6LCDQmtC10LzQtdGA0L7QstGB0LrQsNGPINC-0LHQuy4sINCg0L7RgdGB0LjRjw', 'types': ['street_address']}]",53.7673555,87.1118322
37,Новороссийск,Авторизованный консультационный центр,"353915, г. Новороссийск","ул. Челюскинцев, д.8","353915, г. Новороссийск,ул. Челюскинцев, д.8",Телефон: +7 (8617) 61-04-86,,"[{'address_components': [{'long_name': '8', 'short_name': '8', 'types': ['street_number']}, {'long_name': 'ulitsa Chelyuskintsev', 'short_name': 'ul. Chelyuskintsev', 'types': ['route']}, {'long_name': 'Novorossiysk', 'short_name': 'Novorossiysk', 'types': ['locality', 'political']}, {'long_name': 'gorod Novorossiysk', 'short_name': 'g. Novorossiysk', 'types': ['administrative_area_level_2', 'political']}, {'long_name': 'Krasnodarskiy kray', 'short_name': 'Krasnodarskiy kray', 'types': ['administrative_area_level_1', 'political']}, {'long_name': 'Russia', 'short_name': 'RU', 'types': ['country', 'political']}, {'long_name': '353915', 'short_name': '353915', 'types': ['postal_code']}], 'formatted_address': 'ul. Chelyuskintsev, 8, Novorossiysk, Krasnodarskiy kray, Russia, 353915', 'geometry': {'location': {'lat': 44.712378, 'lng': 37.774962}, 'location_type': 'ROOFTOP', 'viewport': {'northeast': {'lat': 44.7137269802915, 'lng': 37.77631098029149}, 'southwest': {'lat': 44.7110290197085, 'lng': 37.77361301970849}}}, 'place_id': 'ChIJn7CJbRn58UARVIbNUGgFm6I', 'types': ['street_address']}]",44.712378,37.774962
38,Новосибирск,Сервисный Центр A&D,"630005, г. Новосибирск","ул. Семьи Шамшиных, 66","630005, г. Новосибирск,ул. Семьи Шамшиных, 66",Телефон: +7 (383) 211-28-17,,"[{'address_components': [{'long_name': '66', 'short_name': '66', 'types': ['street_number']}, {'long_name': 'ulitsa Semyi Shamshinykh', 'short_name': 'ul. Semyi Shamshinykh', 'types': ['route']}, {'long_name': 'Novosibirsk', 'short_name': 'Novosibirsk', 'types': ['locality', 'political']}, {'long_name': 'gorod Novosibirsk', 'short_name': 'g. Novosibirsk', 'types': ['administrative_area_level_2', 'political']}, {'long_name': ""Novosibirskaya oblast'"", 'short_name': ""Novosibirskaya oblast'"", 'types': ['administrative_area_level_1', 'political']}, {'long_name': 'Russia', 'short_name': 'RU', 'types': ['country', 'political']}, {'long_name': '630005', 'short_name': '630005', 'types': ['postal_code']}], 'formatted_address': ""ul. Semyi Shamshinykh, 66, Novosibirsk, Novosibirskaya oblast', Russia, 630005"", 'geometry': {'location': {'lat': 55.042677, 'lng': 82.9299039}, 'location_type': 'ROOFTOP', 'viewport': {'northeast': {'lat': 55.0440259802915, 'lng': 82.93125288029151}, 'southwest': {'lat': 55.0413280197085, 'lng': 82.92855491970849}}}, 'place_id': 'ChIJqeTgnsDl30IRWnfQZEMeuhU', 'types': ['street_address']}]",55.042677,82.9299039
39,Обнинск,Авторизованный консультационный центр,"249030, г. Обнинск","пр-т Маркса, 56","249030, г. Обнинск,пр-т Маркса, 56",Телефон: +7 (965) 253-15-45,,"[{'address_components': [{'long_name': '56', 'short_name': '56', 'types': ['street_number']}, {'long_name': 'prospekt Marksa', 'short_name': 'pr. Marksa', 'types': ['route']}, {'long_name': 'Obninsk', 'short_name': 'Obninsk', 'types': ['locality', 'political']}, {'long_name': 'gorod Obninsk', 'short_name': 'g. Obninsk', 'types': ['administrative_area_level_2', 'political']}, {'long_name': ""Kaluzhskaya oblast'"", 'short_name': ""Kaluzhskaya oblast'"", 'types': ['administrative_area_level_1', 'political']}, {'long_name': 'Russia', 'short_name': 'RU', 'types': ['country', 'political']}, {'long_name': '249032', 'short_name': '249032', 'types': ['postal_code']}], 'formatted_address': ""pr. Marksa, 56, Obninsk, Kaluzhskaya oblast', Russia, 249032"", 'geometry': {'location': {'lat': 55.117718, 'lng': 36.600572}, 'location_type': 'ROOFTOP', 'viewport': {'northeast': {'lat': 55.1190669802915, 'lng': 36.6019209802915}, 'southwest': {'lat': 55.1163690197085, 'lng': 36.5992230197085}}}, 'place_id': 'ChIJvf0dy3_SykYRrG3wmsDUjPA', 'types': ['street_address']}]",55.117718,36.600572
40,Омск,Сервисный Центр A&D,"644031, г. Омск","ул. Арнольда Нейбута, 100","644031, г. Омск,ул. Нейбута, 100","Телефон: +7 (3812) 32-46-60, 36-94-21",пн-пт с 8-00-16-00,"[{'address_components': [{'long_name': '100', 'short_name': '100', 'types': ['street_number']}, {'long_name': 'ulitsa Neybuta', 'short_name': 'ul. Neybuta', 'types': ['route']}, {'long_name': 'Omsk', 'short_name': 'Omsk', 'types': ['locality', 'political']}, {'long_name': 'Omsk', 'short_name': 'Omsk', 'types': ['administrative_area_level_2', 'political']}, {'long_name': ""Omskaya oblast'"", 'short_name': ""Omskaya oblast'"", 'types': ['administrative_area_level_1', 'political']}, {'long_name': 'Russia', 'short_name': 'RU', 'types': ['country', 'political']}, {'long_name': '644031', 'short_name': '644031', 'types': ['postal_code']}], 'formatted_address': ""ul. Neybuta, 100, Omsk, Omskaya oblast', Russia, 644031"", 'geometry': {'location': {'lat': 54.9934789, 'lng': 73.4259201}, 'location_type': 'ROOFTOP', 'viewport': {'northeast': {'lat': 54.9948278802915, 'lng': 73.42726908029151}, 'southwest': {'lat': 54.9921299197085, 'lng': 73.42457111970849}}}, 'place_id': 'ChIJy6oWmGL-qkMRR7XojKE4ixo', 'types': ['street_address']}]",54.9934789,73.4259201
41,Орел,Авторизованный сервисный центр,"302030, г. Орел ","ул. Московская, д.63","302030, г. Орел ,ул. Московская, д.63",Телефон: +7 (4862) 59 99 25,,"[{'address_components': [{'long_name': '63', 'short_name': '63', 'types': ['street_number']}, {'long_name': 'ulitsa Moskovskaya', 'short_name': 'ul. Moskovskaya', 'types': ['route']}, {'long_name': 'Oryol', 'short_name': 'Oryol', 'types': ['locality', 'political']}, {'long_name': 'gorod Orel', 'short_name': 'g. Orel', 'types': ['administrative_area_level_2', 'political']}, {'long_name': ""Orlovskaya oblast'"", 'short_name': ""Orlovskaya oblast'"", 'types': ['administrative_area_level_1', 'political']}, {'long_name': 'Russia', 'short_name': 'RU', 'types': ['country', 'political']}, {'long_name': '302030', 'short_name': '302030', 'types': ['postal_code']}], 'formatted_address': ""ul. Moskovskaya, 63, Oryol, Orlovskaya oblast', Russia, 302030"", 'geometry': {'location': {'lat': 52.9722107, 'lng': 36.0871683}, 'location_type': 'ROOFTOP', 'viewport': {'northeast': {'lat': 52.97355968029149, 'lng': 36.08851728029151}, 'southwest': {'lat': 52.97086171970849, 'lng': 36.08581931970851}}}, 'place_id': 'ChIJdZ9pqQcaMkER7m3Uzaia104', 'types': ['street_address']}]",52.9722107,36.0871683
42,Пенза,Авторизованный консультационный центр,"440018, г. Пенза","ул. Бекешская, 6","440018, г. Пенза,ул. Бекешская, 6",Телефон: +7 (8412) 32-14-14,,"[{'address_components': [{'long_name': '6', 'short_name': '6', 'types': ['street_number']}, {'long_name': 'ulitsa Bekeshskaya', 'short_name': 'ul. Bekeshskaya', 'types': ['route']}, {'long_name': 'Penza', 'short_name': 'Penza', 'types': ['locality', 'political']}, {'long_name': 'Penza', 'short_name': 'Penza', 'types': ['administrative_area_level_2', 'political']}, {'long_name': ""Penzenskaya oblast'"", 'short_name': ""Penzenskaya oblast'"", 'types': ['administrative_area_level_1', 'political']}, {'long_name': 'Russia', 'short_name': 'RU', 'types': ['country', 'political']}, {'long_name': '440018', 'short_name': '440018', 'types': ['postal_code']}], 'formatted_address': ""ul. Bekeshskaya, 6, Penza, Penzenskaya oblast', Russia, 440018"", 'geometry': {'location': {'lat': 53.202321, 'lng': 44.976569}, 'location_type': 'ROOFTOP', 'viewport': {'northeast': {'lat': 53.20366998029149, 'lng': 44.97791798029149}, 'southwest': {'lat': 53.20097201970849, 'lng': 44.97522001970849}}}, 'place_id': 'ChIJNUg8Yq8BQUERVzip9bGd6rk', 'types': ['street_address']}]",53.202321,44.976569
43,Пермь,Сервисный Центр A&D,"614068, г. Пермь","пр-д Якуба Коласа, 11","614068, г. Пермь,пр-д Якуба Коласа, 11",Телефон: +7 (342) 237-06-78,,"[{'address_components': [{'long_name': '11', 'short_name': '11', 'types': ['street_number']}, {'long_name': 'proyezd Yakuba Kolasa', 'short_name': 'pr-d Yakuba Kolasa', 'types': ['route']}, {'long_name': ""Perm'"", 'short_name': ""Perm'"", 'types': ['locality', 'political']}, {'long_name': ""gorod Perm'"", 'short_name': ""g. Perm'"", 'types': ['administrative_area_level_2', 'political']}, {'long_name': 'Permskiy kray', 'short_name': 'Permskiy kray', 'types': ['administrative_area_level_1', 'political']}, {'long_name': 'Russia', 'short_name': 'RU', 'types': ['country', 'political']}, {'long_name': '614068', 'short_name': '614068', 'types': ['postal_code']}], 'formatted_address': 'pr-d Yakuba Kolasa, 11, Perm, Permskiy kray, Russia, 614068', 'geometry': {'location': {'lat': 58.007938, 'lng': 56.2028}, 'location_type': 'ROOFTOP', 'viewport': {'northeast': {'lat': 58.0092869802915, 'lng': 56.2041489802915}, 'southwest': {'lat': 58.00658901970849, 'lng': 56.2014510197085}}}, 'place_id': 'ChIJf_g3rT_H6EMRM26N-N9XudY', 'types': ['street_address']}]",58.007938,56.2028
44,Ростов-на-Дону,Сервисный Центр A&D,"344029, г. Ростов-на-Дону","ул. Плужная, 18","344029, г. Ростов-на-Дону,ул. Плужная, 18",Телефон: +7 (863) 211-11-90,,"[{'address_components': [{'long_name': '18', 'short_name': '18', 'types': ['street_number']}, {'long_name': 'Pluzhnaya ulitsa', 'short_name': 'Pluzhnaya ul.', 'types': ['route']}, {'long_name': 'Rostov', 'short_name': 'Rostov', 'types': ['locality', 'political']}, {'long_name': 'gorod Rostov-na-Donu', 'short_name': 'g. Rostov-na-Donu', 'types': ['administrative_area_level_2', 'political']}, {'long_name': ""Rostovskaya oblast'"", 'short_name': ""Rostovskaya oblast'"", 'types': ['administrative_area_level_1', 'political']}, {'long_name': 'Russia', 'short_name': 'RU', 'types': ['country', 'political']}, {'long_name': '344029', 'short_name': '344029', 'types': ['postal_code']}], 'formatted_address': ""Pluzhnaya ul., 18, Rostov, Rostovskaya oblast', Russia, 344029"", 'geometry': {'location': {'lat': 47.2560545, 'lng': 39.7669125}, 'location_type': 'ROOFTOP', 'viewport': {'northeast': {'lat': 47.25740348029149, 'lng': 39.7682614802915}, 'southwest': {'lat': 47.25470551970849, 'lng': 39.7655635197085}}}, 'place_id': 'ChIJE1LvGWK340AR49tAJntpzUw', 'types': ['street_address']}]",47.2560545,39.7669125
45,Рязань ,Авторизованный консультационный центр,"390013, г. Рязань","Заводской проезд, д. 1","390013, г. Рязань,Заводской проезд, д. 1",Телефон: +7 (906)546-12-51,"понедельник, среда – с 10-00 до 14-00, четверг – с 14-00 до 18-00.","[{'address_components': [{'long_name': '1', 'short_name': '1', 'types': ['street_number']}, {'long_name': 'Zavodskoy proyezd', 'short_name': 'Zavodskoy pr-d', 'types': ['route']}, {'long_name': ""Ryazan'"", 'short_name': ""Ryazan'"", 'types': ['locality', 'political']}, {'long_name': ""gorod Ryazan'"", 'short_name': ""g. Ryazan'"", 'types': ['administrative_area_level_2', 'political']}, {'long_name': ""Ryazanskaya oblast'"", 'short_name': ""Ryazanskaya oblast'"", 'types': ['administrative_area_level_1', 'political']}, {'long_name': 'Russia', 'short_name': 'RU', 'types': ['country', 'political']}, {'long_name': '390013', 'short_name': '390013', 'types': ['postal_code']}], 'formatted_address': ""Zavodskoy pr-d, 1, Ryazan', Ryazanskaya oblast', Russia, 390013"", 'geometry': {'location': {'lat': 54.631752, 'lng': 39.702672}, 'location_type': 'ROOFTOP', 'viewport': {'northeast': {'lat': 54.63310098029149, 'lng': 39.7040209802915}, 'southwest': {'lat': 54.6304030197085, 'lng': 39.7013230197085}}}, 'place_id': 'ChIJY-TK7VriSUERwDISAz1cOcc', 'types': ['street_address']}]",54.631752,39.702672
46,Самара ,Авторизованный сервисный центр,"443066, г. Самара","ул. XXII Партсъезда, д. 52, оф. 117","443066, г. Самара,ул. XXII Партсъезда, д. 52, оф. 117","Телефон: +7 (846) 244-04-92, +7 (846) 228-46-84 (доб.133)",,"[{'address_components': [{'long_name': '117', 'short_name': '117', 'types': ['subpremise']}, {'long_name': '52', 'short_name': '52', 'types': ['street_number']}, {'long_name': 'ulitsa 22 Partsyezda', 'short_name': 'ul. 22 Partsyezda', 'types': ['route']}, {'long_name': 'Samara', 'short_name': 'Samara', 'types': ['locality', 'political']}, {'long_name': 'Samara', 'short_name': 'Samara', 'types': ['administrative_area_level_2', 'political']}, {'long_name': ""Samarskaya oblast'"", 'short_name': ""Samarskaya oblast'"", 'types': ['administrative_area_level_1', 'political']}, {'long_name': 'Russia', 'short_name': 'RU', 'types': ['country', 'political']}, {'long_name': '443066', 'short_name': '443066', 'types': ['postal_code']}], 'formatted_address': ""ul. 22 Partsyezda, 52, 117, Samara, Samarskaya oblast', Russia, 443066"", 'geometry': {'location': {'lat': 53.214509, 'lng': 50.22293}, 'location_type': 'ROOFTOP', 'viewport': {'northeast': {'lat': 53.2158579802915, 'lng': 50.2242789802915}, 'southwest': {'lat': 53.2131600197085, 'lng': 50.2215810197085}}}, 'partial_match': True, 'place_id': 'EmbRg9C7LiAyMiDQn9Cw0YDRgtGB0YrQtdC30LTQsCwgNTIsIDExNywg0KHQsNC80LDRgNCwLCDQodCw0LzQsNGA0YHQutCw0Y8g0L7QsdC7Liwg0KDQvtGB0YHQuNGPLCA0NDMwNjY', 'types': ['subpremise']}]",53.214509,50.22293
47,Саранск,Авторизованный сервисный центр,"430034, г. Саранск","пр-т 50 лет Октября, 2","430034, г. Саранск,пр-т 50 лет Октября, 2",Телефон: +7 (8342) 35-38-35,,"[{'address_components': [{'long_name': '2', 'short_name': '2', 'types': ['street_number']}, {'long_name': 'prospekt 50 let Oktyabrya', 'short_name': 'pr. 50 let Oktyabrya', 'types': ['route']}, {'long_name': 'Saransk', 'short_name': 'Saransk', 'types': ['locality', 'political']}, {'long_name': 'gorod Saransk', 'short_name': 'g. Saransk', 'types': ['administrative_area_level_2', 'political']}, {'long_name': 'Respublika Mordoviya', 'short_name': 'Respublika Mordoviya', 'types': ['administrative_area_level_1', 'political']}, {'long_name': 'Russia', 'short_name': 'RU', 'types': ['country', 'political']}, {'long_name': '430027', 'short_name': '430027', 'types': ['postal_code']}], 'formatted_address': 'pr. 50 let Oktyabrya, 2, Saransk, Respublika Mordoviya, Russia, 430027', 'geometry': {'location': {'lat': 54.170284, 'lng': 45.151086}, 'location_type': 'ROOFTOP', 'viewport': {'northeast': {'lat': 54.17163298029151, 'lng': 45.1524349802915}, 'southwest': {'lat': 54.16893501970851, 'lng': 45.1497370197085}}}, 'partial_match': True, 'place_id': 'ChIJ493KI54IREERV7b3tLIgsZE', 'types': ['street_address']}]",54.170284,45.151086
48,Саратов,Авторизованный сервисный центр,"410019, г. Саратов,","ул. Танкистов, 55А","410019, г. Саратов,,ул. Танкистов, 55А",Телефон: +7 (8452) 64-43-55,,"[{'address_components': [{'long_name': '55А', 'short_name': '55А', 'types': ['street_number']}, {'long_name': 'ulitsa Tankistov', 'short_name': 'ul. Tankistov', 'types': ['route']}, {'long_name': 'Saratov', 'short_name': 'Saratov', 'types': ['locality', 'political']}, {'long_name': 'Saratov', 'short_name': 'Saratov', 'types': ['administrative_area_level_2', 'political']}, {'long_name': ""Saratovskaya oblast'"", 'short_name': ""Saratovskaya oblast'"", 'types': ['administrative_area_level_1', 'political']}, {'long_name': 'Russia', 'short_name': 'RU', 'types': ['country', 'political']}, {'long_name': '410019', 'short_name': '410019', 'types': ['postal_code']}], 'formatted_address': ""ul. Tankistov, 55А, Saratov, Saratovskaya oblast', Russia, 410019"", 'geometry': {'location': {'lat': 51.555643, 'lng': 46.017758}, 'location_type': 'ROOFTOP', 'viewport': {'northeast': {'lat': 51.5569919802915, 'lng': 46.0191069802915}, 'southwest': {'lat': 51.5542940197085, 'lng': 46.0164090197085}}}, 'place_id': 'ChIJL-Ivli7GFEERssoH9XfJ9lc', 'types': ['street_address']}]",51.555643,46.017758
49,Севастополь,Авторизованный консультационный центр,"299014, г. Севастополь",ул. Героев Сталинграда 28Б,"299014, г. Севастополь,ул. Героев Сталинграда 28Б",Телефон: +7 (978) 044-59-02,,"[{'address_components': [{'long_name': '28', 'short_name': '28', 'types': ['street_number']}, {'long_name': 'Heroiv Stalinhradu Avenue', 'short_name': 'Heroiv Stalinhradu Ave', 'types': ['route']}, {'long_name': 'Gagarinskij Rayon', 'short_name': 'Gagarinskij Rayon', 'types': ['political', 'sublocality', 'sublocality_level_1']}, {'long_name': ""Sevastopol'"", 'short_name': ""Sevastopol'"", 'types': ['locality', 'political']}, {'long_name': ""Sevastopol'"", 'short_name': ""Sevastopol'"", 'types': ['administrative_area_level_1', 'political']}], 'formatted_address': ""28 Heroiv Stalinhradu Ave, Sevastopol'"", 'geometry': {'bounds': {'northeast': {'lat': 44.584117, 'lng': 33.439277}, 'southwest': {'lat': 44.583908, 'lng': 33.43861}}, 'location': {'lat': 44.5840125, 'lng': 33.4389435}, 'location_type': 'ROOFTOP', 'viewport': {'northeast': {'lat': 44.5853614802915, 'lng': 33.4402924802915}, 'southwest': {'lat': 44.5826635197085, 'lng': 33.4375945197085}}}, 'partial_match': True, 'place_id': 'ChIJO32nFMI8lUARXsBjtZ6m3XI', 'types': ['premise']}]",44.5840125,33.4389435
50,Симферополь,Авторизованный консультационный центр,"295024, г. Симферополь","ул. Севастопольская, д. 32/18","295024, г. Симферополь,ул. Севастопольская, д. 32/18",Телефон: +7 (978) 044-59-02,,"[{'address_components': [{'long_name': '18', 'short_name': '18', 'types': ['street_number']}, {'long_name': 'Ulitsa Sevastopolskaya', 'short_name': 'Ulitsa Sevastopolskaya', 'types': ['route']}, {'long_name': 'Tsentralnyy rayon', 'short_name': 'Tsentralnyy rayon', 'types': ['political', 'sublocality', 'sublocality_level_1']}, {'long_name': ""Simferopol'"", 'short_name': ""Simferopol'"", 'types': ['locality', 'political']}, {'long_name': 'Krym', 'short_name': 'Krym', 'types': ['administrative_area_level_1', 'political']}], 'formatted_address': ""18 Ulitsa Sevastopolskaya, Simferopol'"", 'geometry': {'location': {'lat': 44.945897, 'lng': 34.099576}, 'location_type': 'ROOFTOP', 'viewport': {'northeast': {'lat': 44.94724598029149, 'lng': 34.1009249802915}, 'southwest': {'lat': 44.94454801970849, 'lng': 34.0982270197085}}}, 'partial_match': True, 'place_id': 'ChIJAUfr-Njd6kARggm11qFANUs', 'types': ['street_address']}, {'address_components': [{'long_name': '32', 'short_name': '32', 'types': ['street_number']}, {'long_name': 'Ulitsa Sevastopolskaya', 'short_name': 'Ulitsa Sevastopolskaya', 'types': ['route']}, {'long_name': 'Tsentralnyy rayon', 'short_name': 'Tsentralnyy rayon', 'types': ['political', 'sublocality', 'sublocality_level_1']}, {'long_name': ""Simferopol'"", 'short_name': ""Simferopol'"", 'types': ['locality', 'political']}, {'long_name': 'Krym', 'short_name': 'Krym', 'types': ['administrative_area_level_1', 'political']}], 'formatted_address': ""32 Ulitsa Sevastopolskaya, Simferopol'"", 'geometry': {'bounds': {'northeast': {'lat': 44.942043, 'lng': 34.0968011}, 'southwest': {'lat': 44.941036, 'lng': 34.096107}}, 'location': {'lat': 44.9415395, 'lng': 34.0964541}, 'location_type': 'ROOFTOP', 'viewport': {'northeast': {'lat': 44.94288848029149, 'lng': 34.0978030302915}, 'southwest': {'lat': 44.94019051970849, 'lng': 34.0951050697085}}}, 'partial_match': True, 'place_id': 'ChIJt6xCLdbd6kARPu2tn1Qo8O8', 'types': ['premise']}]",44.945897,34.099576
51,Смоленск,Авторизованный консультационный центр,"214013, г. Смоленск","пер. Тульский, 3","214013, г. Смоленск,пер. Тульский, 3",Телефон: +7 (4812) 38-90-72,,"[{'address_components': [{'long_name': '3', 'short_name': '3', 'types': ['street_number']}, {'long_name': 'Tulskiy pereulok', 'short_name': 'Tulskiy per.', 'types': ['route']}, {'long_name': 'Smolensk', 'short_name': 'Smolensk', 'types': ['locality', 'political']}, {'long_name': 'gorod Smolensk', 'short_name': 'g. Smolensk', 'types': ['administrative_area_level_2', 'political']}, {'long_name': ""Smolenskaya oblast'"", 'short_name': ""Smolenskaya oblast'"", 'types': ['administrative_area_level_1', 'political']}, {'long_name': 'Russia', 'short_name': 'RU', 'types': ['country', 'political']}, {'long_name': '214013', 'short_name': '214013', 'types': ['postal_code']}], 'formatted_address': ""Tulskiy per., 3, Smolensk, Smolenskaya oblast', Russia, 214013"", 'geometry': {'location': {'lat': 54.766924, 'lng': 32.01944}, 'location_type': 'ROOFTOP', 'viewport': {'northeast': {'lat': 54.76827298029149, 'lng': 32.0207889802915}, 'southwest': {'lat': 54.7655750197085, 'lng': 32.0180910197085}}}, 'place_id': 'ChIJGwTdDRlYzkYRLAmvMfvjqoY', 'types': ['street_address']}]",54.766924,32.01944
52,Сочи,Авторизованный консультационный центр,"354000, г. Сочи,","354000, г. Сочи,","354000, г. Сочи,,354000, г. Сочи,","Телефон: +7 (862) 266-56-94, 266-56-93",,"[{'address_components': [{'long_name': '354000', 'short_name': '354000', 'types': ['postal_code']}, {'long_name': 'Krasnodar Krai', 'short_name': 'Krasnodar Krai', 'types': ['administrative_area_level_1', 'political']}, {'long_name': 'Russia', 'short_name': 'RU', 'types': ['country', 'political']}], 'formatted_address': 'Krasnodar Krai, Russia, 354000', 'geometry': {'bounds': {'northeast': {'lat': 43.59954190000001, 'lng': 39.737957}, 'southwest': {'lat': 43.552293, 'lng': 39.670006}}, 'location': {'lat': 43.5849214, 'lng': 39.7194217}, 'location_type': 'APPROXIMATE', 'viewport': {'northeast': {'lat': 43.59954190000001, 'lng': 39.737957}, 'southwest': {'lat': 43.552293, 'lng': 39.670006}}}, 'place_id': 'ChIJu_HVBAPH9UARZ1BeyxCXdgs', 'types': ['postal_code']}]",43.5849214,39.7194217
53,Ставрополь,Сервисный Центр A&D,"г. Ставрополь,","Ул. Льва Толстого, 121б","г. Ставрополь,,Ул. Льва Толстого, 121б","Телефон: +7 (8652) 71-38-88, 71-78-88",,"[{'address_components': [{'long_name': '121Б', 'short_name': '121Б', 'types': ['street_number']}, {'long_name': 'ulitsa Lva Tolstogo', 'short_name': 'ul. Lva Tolstogo', 'types': ['route']}, {'long_name': ""Stavropol'"", 'short_name': ""Stavropol'"", 'types': ['locality', 'political']}, {'long_name': ""gorod Stavropol'"", 'short_name': ""g. Stavropol'"", 'types': ['administrative_area_level_2', 'political']}, {'long_name': 'Stavropolskiy kray', 'short_name': 'Stavropolskiy kray', 'types': ['administrative_area_level_1', 'political']}, {'long_name': 'Russia', 'short_name': 'RU', 'types': ['country', 'political']}, {'long_name': '355005', 'short_name': '355005', 'types': ['postal_code']}], 'formatted_address': ""ul. Lva Tolstogo, 121Б, Stavropol', Stavropolskiy kray, Russia, 355005"", 'geometry': {'bounds': {'northeast': {'lat': 45.0226073, 'lng': 41.9540344}, 'southwest': {'lat': 45.0224687, 'lng': 41.9538081}}, 'location': {'lat': 45.022538, 'lng': 41.9539212}, 'location_type': 'ROOFTOP', 'viewport': {'northeast': {'lat': 45.02388698029149, 'lng': 41.9552702302915}, 'southwest': {'lat': 45.02118901970849, 'lng': 41.9525722697085}}}, 'place_id': 'ChIJJ4hTNHqq-UARsHLfgRYQHCg', 'types': ['premise']}]",45.022538,41.9539212
54,Таганрог,Авторизованный сервисный центр,г. Таганрог,"ул. Дзержинского, д. 191","г. Таганрог,ул. Дзержинского, д. 191",Телефон: +7 (989) 507-20-97,"Понедельник, вторник, среда, четверг с 15.30 ДО 18.00","[{'address_components': [{'long_name': '191', 'short_name': '191', 'types': ['street_number']}, {'long_name': 'ulitsa Dzerzhinskogo', 'short_name': 'ul. Dzerzhinskogo', 'types': ['route']}, {'long_name': 'Taganrog', 'short_name': 'Taganrog', 'types': ['locality', 'political']}, {'long_name': 'gorod Taganrog', 'short_name': 'g. Taganrog', 'types': ['administrative_area_level_2', 'political']}, {'long_name': ""Rostovskaya oblast'"", 'short_name': ""Rostovskaya oblast'"", 'types': ['administrative_area_level_1', 'political']}, {'long_name': 'Russia', 'short_name': 'RU', 'types': ['country', 'political']}, {'long_name': '347924', 'short_name': '347924', 'types': ['postal_code']}], 'formatted_address': ""ul. Dzerzhinskogo, 191, Taganrog, Rostovskaya oblast', Russia, 347924"", 'geometry': {'location': {'lat': 47.260502, 'lng': 38.9175534}, 'location_type': 'ROOFTOP', 'viewport': {'northeast': {'lat': 47.26185098029149, 'lng': 38.91890238029149}, 'southwest': {'lat': 47.25915301970849, 'lng': 38.91620441970849}}}, 'place_id': 'ChIJtx_U60FY4UARgrsXRNtN6DY', 'types': ['street_address']}]",47.260502,38.9175534
55,Таганрог,Авторизованный сервисный центр,г. Таганрог,"пер. Гоголевский, д.24","г. Таганрог,пер. Гоголевский, д.24",Телефон: +7 (8634) 38-32-24,"Понедельник, вторник, среда, четверг с 15.30 ДО 18.00","[{'address_components': [{'long_name': '24', 'short_name': '24', 'types': ['street_number']}, {'long_name': 'Gogolevskiy pereulok', 'short_name': 'Gogolevskiy per.', 'types': ['route']}, {'long_name': 'Taganrog', 'short_name': 'Taganrog', 'types': ['locality', 'political']}, {'long_name': 'gorod Taganrog', 'short_name': 'g. Taganrog', 'types': ['administrative_area_level_2', 'political']}, {'long_name': ""Rostovskaya oblast'"", 'short_name': ""Rostovskaya oblast'"", 'types': ['administrative_area_level_1', 'political']}, {'long_name': 'Russia', 'short_name': 'RU', 'types': ['country', 'political']}, {'long_name': '347935', 'short_name': '347935', 'types': ['postal_code']}], 'formatted_address': ""Gogolevskiy per., 24, Taganrog, Rostovskaya oblast', Russia, 347935"", 'geometry': {'location': {'lat': 47.214198, 'lng': 38.916617}, 'location_type': 'ROOFTOP', 'viewport': {'northeast': {'lat': 47.2155469802915, 'lng': 38.9179659802915}, 'southwest': {'lat': 47.2128490197085, 'lng': 38.9152680197085}}}, 'partial_match': True, 'place_id': 'ChIJbSWmuUP940ARKLUewQnCc4E', 'types': ['street_address']}]",47.214198,38.916617
56,Тамбов,Авторизованный сервисный центр,"392000, г. Тамбов","ул. Московская, 19а","392000, г. Тамбов,ул. Московская, 19а","Телефон: +7 (4752) 72-73-51, 72-90-93",,"[{'address_components': [{'long_name': '19А', 'short_name': '19А', 'types': ['street_number']}, {'long_name': 'ulitsa Moskovskaya', 'short_name': 'ul. Moskovskaya', 'types': ['route']}, {'long_name': 'Tambov', 'short_name': 'Tambov', 'types': ['locality', 'political']}, {'long_name': 'gorod Tambov', 'short_name': 'g. Tambov', 'types': ['administrative_area_level_2', 'political']}, {'long_name': ""Tambovskaya oblast'"", 'short_name': ""Tambovskaya oblast'"", 'types': ['administrative_area_level_1', 'political']}, {'long_name': 'Russia', 'short_name': 'RU', 'types': ['country', 'political']}, {'long_name': '392025', 'short_name': '392025', 'types': ['postal_code']}], 'formatted_address': ""ul. Moskovskaya, 19А, Tambov, Tambovskaya oblast', Russia, 392025"", 'geometry': {'location': {'lat': 52.736176, 'lng': 41.47445099999999}, 'location_type': 'ROOFTOP', 'viewport': {'northeast': {'lat': 52.7375249802915, 'lng': 41.47579998029149}, 'southwest': {'lat': 52.7348270197085, 'lng': 41.4731020197085}}}, 'partial_match': True, 'place_id': 'ChIJUVJAYY8WOUERh6xuR2iaVaE', 'types': ['street_address']}]",52.736176,41.47445099999999
57,Тверь ,Авторизованный сервисный центр,"170008, г. Тверь","ул. 15 лет Октября, д. 12","170008, г. Тверь,ул. 15 лет Октября, д. 12",Телефон: +7 (4822) 58-82-22 ,,"[{'address_components': [{'long_name': '12', 'short_name': '12', 'types': ['street_number']}, {'long_name': 'ulitsa 15 let Oktyabrya', 'short_name': 'ul. 15 let Oktyabrya', 'types': ['route']}, {'long_name': ""Tver'"", 'short_name': ""Tver'"", 'types': ['locality', 'political']}, {'long_name': ""gorod Tver'"", 'short_name': ""g. Tver'"", 'types': ['administrative_area_level_2', 'political']}, {'long_name': ""Tverskaya oblast'"", 'short_name': ""Tverskaya oblast'"", 'types': ['administrative_area_level_1', 'political']}, {'long_name': 'Russia', 'short_name': 'RU', 'types': ['country', 'political']}, {'long_name': '170008', 'short_name': '170008', 'types': ['postal_code']}], 'formatted_address': ""ul. 15 let Oktyabrya, 12, Tver', Tverskaya oblast', Russia, 170008"", 'geometry': {'location': {'lat': 56.844249, 'lng': 35.9294778}, 'location_type': 'ROOFTOP', 'viewport': {'northeast': {'lat': 56.84559798029149, 'lng': 35.9308267802915}, 'southwest': {'lat': 56.84290001970849, 'lng': 35.9281288197085}}}, 'place_id': 'ChIJP-0e8B-HtkYRQWJfhGd1CWU', 'types': ['street_address']}]",56.844249,35.9294778
58,Тула ,Авторизованный консультационный центр,"354000, г. Тула","ул. Плеханова, д. 56","354000, г. Тула,ул. Плеханова, д. 56",Телефон: +7 (4872) 40-00-65,,"[{'address_components': [{'long_name': '56', 'short_name': '56', 'types': ['street_number']}, {'long_name': 'ulitsa Plekhanova', 'short_name': 'ul. Plekhanova', 'types': ['route']}, {'long_name': 'Tula', 'short_name': 'Tula', 'types': ['locality', 'political']}, {'long_name': 'gorod Tula', 'short_name': 'g. Tula', 'types': ['administrative_area_level_2', 'political']}, {'long_name': ""Tulskaya oblast'"", 'short_name': ""Tulskaya oblast'"", 'types': ['administrative_area_level_1', 'political']}, {'long_name': 'Russia', 'short_name': 'RU', 'types': ['country', 'political']}, {'long_name': '300001', 'short_name': '300001', 'types': ['postal_code']}], 'formatted_address': ""ul. Plekhanova, 56, Tula, Tulskaya oblast', Russia, 300001"", 'geometry': {'location': {'lat': 54.19919890000001, 'lng': 37.6448823}, 'location_type': 'ROOFTOP', 'viewport': {'northeast': {'lat': 54.20054788029151, 'lng': 37.6462312802915}, 'southwest': {'lat': 54.19784991970851, 'lng': 37.6435333197085}}}, 'partial_match': True, 'place_id': 'ChIJkYoNRmU_NEERe4sE3oSv6KA', 'types': ['street_address']}]",54.19919890000001,37.6448823
59,Тюмень,Авторизованный консультационный центр,"625051, г. Тюмень","ул. Пермякова, д. 21/9Б","625051, г. Тюмень,ул. Пермякова, д. 21/9Б",Телефон: +7 (3452) 25-36-04,,"[{'address_components': [{'long_name': '21', 'short_name': '21', 'types': ['street_number']}, {'long_name': 'ulitsa Permyakova', 'short_name': 'ul. Permyakova', 'types': ['route']}, {'long_name': ""Tyumen'"", 'short_name': ""Tyumen'"", 'types': ['locality', 'political']}, {'long_name': ""gorod Tyumen'"", 'short_name': ""g. Tyumen'"", 'types': ['administrative_area_level_2', 'political']}, {'long_name': ""Tyumenskaya oblast'"", 'short_name': ""Tyumenskaya oblast'"", 'types': ['administrative_area_level_1', 'political']}, {'long_name': 'Russia', 'short_name': 'RU', 'types': ['country', 'political']}, {'long_name': '625051', 'short_name': '625051', 'types': ['postal_code']}], 'formatted_address': ""ul. Permyakova, 21, Tyumen', Tyumenskaya oblast', Russia, 625051"", 'geometry': {'location': {'lat': 57.119575, 'lng': 65.58126399999999}, 'location_type': 'ROOFTOP', 'viewport': {'northeast': {'lat': 57.12092398029149, 'lng': 65.5826129802915}, 'southwest': {'lat': 57.11822601970849, 'lng': 65.57991501970848}}}, 'partial_match': True, 'place_id': 'ChIJB-Ly_9_gu0MRAlrMutV4vxg', 'types': ['street_address']}]",57.119575,65.58126399999999
60,Улан-Удэ,Авторизованный сервисный центр,"670047, г. Улан-Удэ","ул. Пирогова, 13а","670047, г. Улан-Удэ,ул. Пирогова, 13а",Телефон: +7 (3012) 43-65-83,,"[{'address_components': [{'long_name': '13А', 'short_name': '13А', 'types': ['street_number']}, {'long_name': 'ulitsa Pirogova', 'short_name': 'ul. Pirogova', 'types': ['route']}, {'long_name': 'Ulan-Ude', 'short_name': 'Ulan-Ude', 'types': ['locality', 'political']}, {'long_name': 'gorod Ulan-Ude', 'short_name': 'g. Ulan-Ude', 'types': ['administrative_area_level_2', 'political']}, {'long_name': 'Buryatiya Republits', 'short_name': 'Buryatiya Republits', 'types': ['administrative_area_level_1', 'political']}, {'long_name': 'Russia', 'short_name': 'RU', 'types': ['country', 'political']}, {'long_name': '670047', 'short_name': '670047', 'types': ['postal_code']}], 'formatted_address': 'ul. Pirogova, 13А, Ulan-Ude, Buryatiya Republits, Russia, 670047', 'geometry': {'location': {'lat': 51.803453, 'lng': 107.613183}, 'location_type': 'ROOFTOP', 'viewport': {'northeast': {'lat': 51.8048019802915, 'lng': 107.6145319802915}, 'southwest': {'lat': 51.8021040197085, 'lng': 107.6118340197085}}}, 'place_id': 'ChIJaW6hmGLbr10RzmR8h3svHbs', 'types': ['street_address']}]",51.803453,107.613183
61,Ульяновск,Авторизованный сервисный центр,"432071, г. Ульяновск","ул. Гончарова, 14","432071, г. Ульяновск,ул. Гончарова, 14",Телефон: +7 (960) 361-84-69,,"[{'address_components': [{'long_name': '14', 'short_name': '14', 'types': ['street_number']}, {'long_name': 'ulitsa Goncharova', 'short_name': 'ul. Goncharova', 'types': ['route']}, {'long_name': 'Ulyanovsk', 'short_name': 'Ulyanovsk', 'types': ['locality', 'political']}, {'long_name': 'Ulyanovsk', 'short_name': 'Ulyanovsk', 'types': ['administrative_area_level_2', 'political']}, {'long_name': ""Ulyanovskaya oblast'"", 'short_name': ""Ulyanovskaya oblast'"", 'types': ['administrative_area_level_1', 'political']}, {'long_name': 'Russia', 'short_name': 'RU', 'types': ['country', 'political']}, {'long_name': '432000', 'short_name': '432000', 'types': ['postal_code']}], 'formatted_address': ""ul. Goncharova, 14, Ulyanovsk, Ulyanovskaya oblast', Russia, 432000"", 'geometry': {'location': {'lat': 54.31213899999999, 'lng': 48.396787}, 'location_type': 'ROOFTOP', 'viewport': {'northeast': {'lat': 54.3134879802915, 'lng': 48.3981359802915}, 'southwest': {'lat': 54.3107900197085, 'lng': 48.3954380197085}}}, 'partial_match': True, 'place_id': 'ChIJH6QnOG03XUERx9cq1Zi4ZoI', 'types': ['street_address']}]",54.31213899999999,48.396787
62,Уфа,Авторизованный консультационный центр,"450080, г. Уфа","ул. Менделеева, 112","450080, г. Уфа,ул. Менделеева, 112",Телефон: +7 (917) 752-15-18,,"[{'address_components': [{'long_name': '112', 'short_name': '112', 'types': ['street_number']}, {'long_name': 'ulitsa Mendeleeva', 'short_name': 'ul. Mendeleeva', 'types': ['route']}, {'long_name': 'Ufa', 'short_name': 'Ufa', 'types': ['locality', 'political']}, {'long_name': 'Ufimskiy rayon', 'short_name': 'Ufimskiy r-n', 'types': ['administrative_area_level_2', 'political']}, {'long_name': 'Respublika Bashkortostan', 'short_name': 'Respublika Bashkortostan', 'types': ['administrative_area_level_1', 'political']}, {'long_name': 'Russia', 'short_name': 'RU', 'types': ['country', 'political']}, {'long_name': '450092', 'short_name': '450092', 'types': ['postal_code']}], 'formatted_address': 'ul. Mendeleeva, 112, Ufa, Respublika Bashkortostan, Russia, 450092', 'geometry': {'location': {'lat': 54.7115192, 'lng': 55.9906186}, 'location_type': 'ROOFTOP', 'viewport': {'northeast': {'lat': 54.71286818029149, 'lng': 55.99196758029149}, 'southwest': {'lat': 54.71017021970849, 'lng': 55.9892696197085}}}, 'partial_match': True, 'place_id': 'ChIJ0UxDurc72UMRXnF5rPkj7lo', 'types': ['street_address']}]",54.7115192,55.9906186
63,Хабаровск,Авторизованный консультационный центр,"680014, г. Хабаровск,","Ул. Карла Маркса, д. 182","680014, г. Хабаровск,,Ул. Карла Маркса, д. 182",Телефон: +7 (4212) 335-000,"вторник с 9.00 до 14.00, четверг с 16.00 до 18.00, пятница с 13.00 до 18.00.","[{'address_components': [{'long_name': '182', 'short_name': '182', 'types': ['street_number']}, {'long_name': 'ulitsa Karla Marksa', 'short_name': 'ul. Karla Marksa', 'types': ['route']}, {'long_name': 'Khabarovsk', 'short_name': 'Khabarovsk', 'types': ['locality', 'political']}, {'long_name': 'Khabarovskiy kray', 'short_name': 'Khabarovskiy kray', 'types': ['administrative_area_level_1', 'political']}, {'long_name': 'Russia', 'short_name': 'RU', 'types': ['country', 'political']}, {'long_name': '680031', 'short_name': '680031', 'types': ['postal_code']}], 'formatted_address': 'ul. Karla Marksa, 182, Khabarovsk, Khabarovskiy kray, Russia, 680031', 'geometry': {'location': {'lat': 48.50581100000001, 'lng': 135.138522}, 'location_type': 'ROOFTOP', 'viewport': {'northeast': {'lat': 48.50715998029151, 'lng': 135.1398709802915}, 'southwest': {'lat': 48.50446201970851, 'lng': 135.1371730197085}}}, 'partial_match': True, 'place_id': 'ChIJI9XS_CbC-l4Rv6N-brkDUEo', 'types': ['street_address']}]",48.50581100000001,135.138522
64,Череповец,Авторизованный консультационный центр,"162622, г. Череповец","ул. Набережная, д. 41, оф. 4","162622, г. Череповец,ул. Набережная, д. 41, оф. 4",Телефон: +7 (8202) 74-54-47,,"[{'address_components': [{'long_name': '4', 'short_name': '4', 'types': ['subpremise']}, {'long_name': '41', 'short_name': '41', 'types': ['street_number']}, {'long_name': 'ulitsa Naberezhnaya', 'short_name': 'ul. nab.', 'types': ['route']}, {'long_name': 'Cherepovets', 'short_name': 'Cherepovets', 'types': ['locality', 'political']}, {'long_name': 'gorod Cherepovets', 'short_name': 'g. Cherepovets', 'types': ['administrative_area_level_2', 'political']}, {'long_name': ""Vologodskaya oblast'"", 'short_name': ""Vologodskaya oblast'"", 'types': ['administrative_area_level_1', 'political']}, {'long_name': 'Russia', 'short_name': 'RU', 'types': ['country', 'political']}, {'long_name': '162622', 'short_name': '162622', 'types': ['postal_code']}], 'formatted_address': ""ul. nab., 41, 4, Cherepovets, Vologodskaya oblast', Russia, 162622"", 'geometry': {'location': {'lat': 59.12923900000001, 'lng': 37.941515}, 'location_type': 'ROOFTOP', 'viewport': {'northeast': {'lat': 59.13058798029151, 'lng': 37.9428639802915}, 'southwest': {'lat': 59.1278900197085, 'lng': 37.9401660197085}}}, 'place_id': 'El7Rg9C7LiDQvdCw0LEuLCA0MSwgNCwg0KfQtdGA0LXQv9C-0LLQtdGGLCDQktC-0LvQvtCz0L7QtNGB0LrQsNGPINC-0LHQuy4sINCg0L7RgdGB0LjRjywgMTYyNjIy', 'types': ['subpremise']}]",59.12923900000001,37.941515
65,Ярославль,Авторизованный консультационный центр,"150003, г. Ярославль","пр-т Октября, д. 39","150003, г. Ярославль,пр-т Октября, д. 39",Телефон: +7 (4852) 74-59-45,,"[{'address_components': [{'long_name': '39', 'short_name': '39', 'types': ['street_number']}, {'long_name': 'prospekt Oktyabrya', 'short_name': 'pr. Oktyabrya', 'types': ['route']}, {'long_name': ""Yaroslavl'"", 'short_name': ""Yaroslavl'"", 'types': ['locality', 'political']}, {'long_name': ""gorod Yaroslavl'"", 'short_name': ""g. Yaroslavl'"", 'types': ['administrative_area_level_2', 'political']}, {'long_name': ""Yaroslavskaya oblast'"", 'short_name': ""Yaroslavskaya oblast'"", 'types': ['administrative_area_level_1', 'political']}, {'long_name': 'Russia', 'short_name': 'RU', 'types': ['country', 'political']}, {'long_name': '150040', 'short_name': '150040', 'types': ['postal_code']}], 'formatted_address': ""pr. Oktyabrya, 39, Yaroslavl', Yaroslavskaya oblast', Russia, 150040"", 'geometry': {'location': {'lat': 57.634874, 'lng': 39.87}, 'location_type': 'ROOFTOP', 'viewport': {'northeast': {'lat': 57.63622298029151, 'lng': 39.8713489802915}, 'southwest': {'lat': 57.63352501970849, 'lng': 39.8686510197085}}}, 'partial_match': True, 'place_id': 'ChIJjQv5W2SRskYRJ5LB_ctOXLc', 'types': ['street_address']}]",57.634874,39.87
66,Ярославль,Авторизованный консультационный центр,"150054, г. Ярославль","пр-т Ленина, д. 52","150054, г. Ярославль,пр-т Ленина, д. 52",Телефон: +7 (4852) 21-17-54,,"[{'address_components': [{'long_name': '52', 'short_name': '52', 'types': ['street_number']}, {'long_name': 'prospekt Lenina', 'short_name': 'pr. Lenina', 'types': ['route']}, {'long_name': ""Yaroslavl'"", 'short_name': ""Yaroslavl'"", 'types': ['locality', 'political']}, {'long_name': ""gorod Yaroslavl'"", 'short_name': ""g. Yaroslavl'"", 'types': ['administrative_area_level_2', 'political']}, {'long_name': ""Yaroslavskaya oblast'"", 'short_name': ""Yaroslavskaya oblast'"", 'types': ['administrative_area_level_1', 'political']}, {'long_name': 'Russia', 'short_name': 'RU', 'types': ['country', 'political']}, {'long_name': '150054', 'short_name': '150054', 'types': ['postal_code']}], 'formatted_address': ""pr. Lenina, 52, Yaroslavl', Yaroslavskaya oblast', Russia, 150054"", 'geometry': {'location': {'lat': 57.62769999999999, 'lng': 39.844072}, 'location_type': 'ROOFTOP', 'viewport': {'northeast': {'lat': 57.6290489802915, 'lng': 39.84542098029149}, 'southwest': {'lat': 57.62635101970849, 'lng': 39.8427230197085}}}, 'place_id': 'ChIJLfUPxNCTskYR_hTfZ8THSxY', 'types': ['street_address']}]",57.62769999999999,39.844072
